OBJECTID,COUNTY,MUNICIPALITY,NHA_JOIN_ID,GlobalID,created_user,created_date,last_edited_user,last_edited_date
1313,Washington,Fallowfield Township,alj86814,{00000000-0000-0000-0000-000000000000},ctraceyWPC,1/7/2020 20:32:23,ctraceyWPC,1/7/2020 20:32:23
1314,Washington,Charleroi Borough,alj86814,{00000000-0000-0000-0000-000000000000},ctraceyWPC,1/7/2020 20:32:23,ctraceyWPC,1/7/2020 20:32:23
1315,Washington,Long branch Borough,alj86814,{00000000-0000-0000-0000-000000000000},ctraceyWPC,1/7/2020 20:32:23,ctraceyWPC,1/7/2020 20:32:23
1316,Washington,Speers Borough,alj86814,{00000000-0000-0000-0000-000000000000},ctraceyWPC,1/7/2020 20:32:23,ctraceyWPC,1/7/2020 20:32:23
1317,Washington,Twilight Borough,alj86814,{00000000-0000-0000-0000-000000000000},ctraceyWPC,1/7/2020 20:32:23,ctraceyWPC,1/7/2020 20:32:23
1318,Washington,California Borough,alj86815,{00000000-0000-0000-0000-000000000000},ctraceyWPC,1/7/2020 20:32:37,ctraceyWPC,1/7/2020 20:32:37
1319,Fayette,Washington Township,alj86816,{00000000-0000-0000-0000-000000000000},ctraceyWPC,1/7/2020 20:32:51,ctraceyWPC,1/7/2020 20:32:51
1320,Fayette,Fayette city Borough,alj86816,{00000000-0000-0000-0000-000000000000},ctraceyWPC,1/7/2020 20:32:51,ctraceyWPC,1/7/2020 20:32:51
1321,Washington,Dunlevy Borough,alj86816,{00000000-0000-0000-0000-000000000000},ctraceyWPC,1/7/2020 20:32:51,ctraceyWPC,1/7/2020 20:32:51
1322,Washington,Allenport Borough,alj86816,{00000000-0000-0000-0000-000000000000},ctraceyWPC,1/7/2020 20:32:51,ctraceyWPC,1/7/2020 20:32:51
1323,Fayette,Luzerne Township,alj86817,{00000000-0000-0000-0000-000000000000},ctraceyWPC,1/7/2020 20:33:06,ctraceyWPC,1/7/2020 20:33:06
1324,Washington,Centerville Borough,alj86817,{00000000-0000-0000-0000-000000000000},ctraceyWPC,1/7/2020 20:33:06,ctraceyWPC,1/7/2020 20:33:06
1325,Washington,Centerville Borough,alj86818,{00000000-0000-0000-0000-000000000000},ctraceyWPC,1/7/2020 20:33:22,ctraceyWPC,1/7/2020 20:33:22
1326,Washington,North strabane Township,alj86819,{00000000-0000-0000-0000-000000000000},ctraceyWPC,1/7/2020 20:33:35,ctraceyWPC,1/7/2020 20:33:35
1327,Washington,North strabane Township,alj86820,{00000000-0000-0000-0000-000000000000},ctraceyWPC,1/7/2020 20:33:49,ctraceyWPC,1/7/2020 20:33:49
1328,Washington,Peters Township,alj86820,{00000000-0000-0000-0000-000000000000},ctraceyWPC,1/7/2020 20:33:49,ctraceyWPC,1/7/2020 20:33:49
1329,Washington,Donegal Township,alj87706,{00000000-0000-0000-0000-000000000000},ctraceyWPC,1/7/2020 20:34:03,ctraceyWPC,1/7/2020 20:34:03
1330,Washington,West finley Township,alj87706,{00000000-0000-0000-0000-000000000000},ctraceyWPC,1/7/2020 20:34:03,ctraceyWPC,1/7/2020 20:34:03
1331,Washington,West finley Township,alj87707,{00000000-0000-0000-0000-000000000000},ctraceyWPC,1/7/2020 20:34:17,ctraceyWPC,1/7/2020 20:34:17
1332,Washington,West finley Township,alj87708,{00000000-0000-0000-0000-000000000000},ctraceyWPC,1/7/2020 20:34:31,ctraceyWPC,1/7/2020 20:34:31
1333,Washington,Morris Township,alj87709,{00000000-0000-0000-0000-000000000000},ctraceyWPC,1/7/2020 20:34:45,ctraceyWPC,1/7/2020 20:34:45
1334,Washington,Buffalo Township,alj87710,{00000000-0000-0000-0000-000000000000},ctraceyWPC,1/7/2020 20:34:58,ctraceyWPC,1/7/2020 20:34:58
1335,Washington,South franklin Township,alj87710,{00000000-0000-0000-0000-000000000000},ctraceyWPC,1/7/2020 20:34:58,ctraceyWPC,1/7/2020 20:34:58
1336,Washington,Green hills Borough,alj87710,{00000000-0000-0000-0000-000000000000},ctraceyWPC,1/7/2020 20:34:58,ctraceyWPC,1/7/2020 20:34:58
1337,Greene,Morris Township,alj87711,{00000000-0000-0000-0000-000000000000},ctraceyWPC,1/7/2020 20:35:12,ctraceyWPC,1/7/2020 20:35:12
1338,Washington,Morris Township,alj87711,{00000000-0000-0000-0000-000000000000},ctraceyWPC,1/7/2020 20:35:12,ctraceyWPC,1/7/2020 20:35:12
1339,Washington,Amwell Township,alj87712,{00000000-0000-0000-0000-000000000000},ctraceyWPC,1/7/2020 20:35:26,ctraceyWPC,1/7/2020 20:35:26
1340,Washington,Morris Township,alj87712,{00000000-0000-0000-0000-000000000000},ctraceyWPC,1/7/2020 20:35:26,ctraceyWPC,1/7/2020 20:35:26
1341,Washington,South franklin Township,alj87712,{00000000-0000-0000-0000-000000000000},ctraceyWPC,1/7/2020 20:35:26,ctraceyWPC,1/7/2020 20:35:26
1342,Washington,Amwell Township,alj87713,{00000000-0000-0000-0000-000000000000},ctraceyWPC,1/7/2020 20:35:41,ctraceyWPC,1/7/2020 20:35:41
1343,Washington,Amwell Township,alj87714,{00000000-0000-0000-0000-000000000000},ctraceyWPC,1/7/2020 20:35:55,ctraceyWPC,1/7/2020 20:35:55
1344,Washington,North bethlehem Township,alj87714,{00000000-0000-0000-0000-000000000000},ctraceyWPC,1/7/2020 20:35:55,ctraceyWPC,1/7/2020 20:35:55
1345,Washington,West bethlehem Township,alj87714,{00000000-0000-0000-0000-000000000000},ctraceyWPC,1/7/2020 20:35:55,ctraceyWPC,1/7/2020 20:35:55
1346,Washington,South strabane Township,alj87714,{00000000-0000-0000-0000-000000000000},ctraceyWPC,1/7/2020 20:35:55,ctraceyWPC,1/7/2020 20:35:55
1347,Washington,North bethlehem Township,alj87715,{00000000-0000-0000-0000-000000000000},ctraceyWPC,1/7/2020 20:36:10,ctraceyWPC,1/7/2020 20:36:10
1348,Washington,Somerset Township,alj87715,{00000000-0000-0000-0000-000000000000},ctraceyWPC,1/7/2020 20:36:10,ctraceyWPC,1/7/2020 20:36:10
1349,Washington,North bethlehem Township,alj87716,{00000000-0000-0000-0000-000000000000},ctraceyWPC,1/7/2020 20:36:24,ctraceyWPC,1/7/2020 20:36:24
1350,Washington,Somerset Township,alj87716,{00000000-0000-0000-0000-000000000000},ctraceyWPC,1/7/2020 20:36:25,ctraceyWPC,1/7/2020 20:36:25
1351,Washington,Cokeburg Borough,alj87716,{00000000-0000-0000-0000-000000000000},ctraceyWPC,1/7/2020 20:36:25,ctraceyWPC,1/7/2020 20:36:25
1352,Washington,Fallowfield Township,alj87717,{00000000-0000-0000-0000-000000000000},ctraceyWPC,1/7/2020 20:36:39,ctraceyWPC,1/7/2020 20:36:39
1353,Washington,Somerset Township,alj87717,{00000000-0000-0000-0000-000000000000},ctraceyWPC,1/7/2020 20:36:39,ctraceyWPC,1/7/2020 20:36:39
1354,Washington,West pike run Township,alj87717,{00000000-0000-0000-0000-000000000000},ctraceyWPC,1/7/2020 20:36:39,ctraceyWPC,1/7/2020 20:36:39
1355,Washington,Beallsville Borough,alj87717,{00000000-0000-0000-0000-000000000000},ctraceyWPC,1/7/2020 20:36:39,ctraceyWPC,1/7/2020 20:36:39
1356,Washington,Bentleyville Borough,alj87717,{00000000-0000-0000-0000-000000000000},ctraceyWPC,1/7/2020 20:36:39,ctraceyWPC,1/7/2020 20:36:39
1357,Washington,Ellsworth Borough,alj87717,{00000000-0000-0000-0000-000000000000},ctraceyWPC,1/7/2020 20:36:39,ctraceyWPC,1/7/2020 20:36:39
1358,Washington,West pike run Township,alj87718,{00000000-0000-0000-0000-000000000000},ctraceyWPC,1/7/2020 20:36:53,ctraceyWPC,1/7/2020 20:36:53
1359,Washington,Centerville Borough,alj87718,{00000000-0000-0000-0000-000000000000},ctraceyWPC,1/7/2020 20:36:53,ctraceyWPC,1/7/2020 20:36:53
1360,Washington,West pike run Township,alj87719,{00000000-0000-0000-0000-000000000000},ctraceyWPC,1/7/2020 20:37:07,ctraceyWPC,1/7/2020 20:37:07
1361,Washington,Beallsville Borough,alj87720,{00000000-0000-0000-0000-000000000000},ctraceyWPC,1/7/2020 20:37:21,ctraceyWPC,1/7/2020 20:37:21
1362,Washington,Deemston Borough,alj87720,{00000000-0000-0000-0000-000000000000},ctraceyWPC,1/7/2020 20:37:21,ctraceyWPC,1/7/2020 20:37:21
1363,Greene,Jefferson Township,alj87721,{00000000-0000-0000-0000-000000000000},ctraceyWPC,1/7/2020 20:37:35,ctraceyWPC,1/7/2020 20:37:35
1364,Washington,East bethlehem Township,alj87721,{00000000-0000-0000-0000-000000000000},ctraceyWPC,1/7/2020 20:37:35,ctraceyWPC,1/7/2020 20:37:35
1367,Washington,Mount pleasant Township,alj90239,{00000000-0000-0000-0000-000000000000},ctraceyWPC,1/7/2020 20:38:03,ctraceyWPC,1/7/2020 20:38:03
1368,Washington,Smith Township,alj90239,{00000000-0000-0000-0000-000000000000},ctraceyWPC,1/7/2020 20:38:03,ctraceyWPC,1/7/2020 20:38:03
1369,Washington,Somerset Township,alj90258,{00000000-0000-0000-0000-000000000000},ctraceyWPC,1/7/2020 20:38:17,ctraceyWPC,1/7/2020 20:38:17
1370,Washington,Robinson Township,alj90259,{00000000-0000-0000-0000-000000000000},ctraceyWPC,1/7/2020 20:38:31,ctraceyWPC,1/7/2020 20:38:31
1372,Washington,Hanover Township,ct62151,{00000000-0000-0000-0000-000000000000},ctraceyWPC,1/7/2020 20:38:59,ctraceyWPC,1/7/2020 20:38:59
1373,Washington,Donegal Township,ct62530,{00000000-0000-0000-0000-000000000000},ctraceyWPC,1/7/2020 20:39:13,ctraceyWPC,1/7/2020 20:39:13
1374,Washington,Independence Township,ct62530,{00000000-0000-0000-0000-000000000000},ctraceyWPC,1/7/2020 20:39:14,ctraceyWPC,1/7/2020 20:39:14
1375,Washington,Donegal Township,ct62532,{00000000-0000-0000-0000-000000000000},ctraceyWPC,1/7/2020 20:39:27,ctraceyWPC,1/7/2020 20:39:27
1376,Washington,Blaine Township,ct62533,{00000000-0000-0000-0000-000000000000},ctraceyWPC,1/7/2020 20:39:41,ctraceyWPC,1/7/2020 20:39:41
1377,Washington,East finley Township,xxx42074,{00000000-0000-0000-0000-000000000000},ctraceyWPC,1/7/2020 20:39:54,ctraceyWPC,1/7/2020 20:39:54
1378,Allegheny,Jefferson hills Borough,xxx42075,{00000000-0000-0000-0000-000000000000},ctraceyWPC,1/7/2020 20:40:08,ctraceyWPC,1/7/2020 20:40:08
1379,Allegheny,Forward Township,xxx42075,{00000000-0000-0000-0000-000000000000},ctraceyWPC,1/7/2020 20:40:08,ctraceyWPC,1/7/2020 20:40:08
1380,Washington,Union Township,xxx42075,{00000000-0000-0000-0000-000000000000},ctraceyWPC,1/7/2020 20:40:08,ctraceyWPC,1/7/2020 20:40:08
1381,Greene,Morgan Township,xxx42602,{00000000-0000-0000-0000-000000000000},ctraceyWPC,1/7/2020 20:40:24,ctraceyWPC,1/7/2020 20:40:24
1382,Washington,East bethlehem Township,xxx42602,{00000000-0000-0000-0000-000000000000},ctraceyWPC,1/7/2020 20:40:24,ctraceyWPC,1/7/2020 20:40:24
1383,Washington,West bethlehem Township,xxx42602,{00000000-0000-0000-0000-000000000000},ctraceyWPC,1/7/2020 20:40:24,ctraceyWPC,1/7/2020 20:40:24
1384,Washington,Deemston Borough,xxx42602,{00000000-0000-0000-0000-000000000000},ctraceyWPC,1/7/2020 20:40:24,ctraceyWPC,1/7/2020 20:40:24
1385,Washington,Hanover Township,xxx42605,{00000000-0000-0000-0000-000000000000},ctraceyWPC,1/7/2020 20:40:39,ctraceyWPC,1/7/2020 20:40:39
1386,Washington,Amwell Township,xxx42608,{00000000-0000-0000-0000-000000000000},ctraceyWPC,1/7/2020 20:40:52,ctraceyWPC,1/7/2020 20:40:52
1387,Greene,Jefferson Township,xxx42620,{00000000-0000-0000-0000-000000000000},ctraceyWPC,1/7/2020 20:41:06,ctraceyWPC,1/7/2020 20:41:06
1388,Washington,East bethlehem Township,xxx42620,{00000000-0000-0000-0000-000000000000},ctraceyWPC,1/7/2020 20:41:06,ctraceyWPC,1/7/2020 20:41:06
1389,Fayette,Brownsville Township,xxx42621,{00000000-0000-0000-0000-000000000000},ctraceyWPC,1/7/2020 20:41:21,ctraceyWPC,1/7/2020 20:41:21
1390,Fayette,Jefferson Township,xxx42621,{00000000-0000-0000-0000-000000000000},ctraceyWPC,1/7/2020 20:41:21,ctraceyWPC,1/7/2020 20:41:21
1391,Washington,California Borough,xxx42621,{00000000-0000-0000-0000-000000000000},ctraceyWPC,1/7/2020 20:41:21,ctraceyWPC,1/7/2020 20:41:21
1392,Washington,West brownsville Borough,xxx42621,{00000000-0000-0000-0000-000000000000},ctraceyWPC,1/7/2020 20:41:21,ctraceyWPC,1/7/2020 20:41:21
1393,Washington,Blaine Township,xxx42629,{00000000-0000-0000-0000-000000000000},ctraceyWPC,1/7/2020 20:41:36,ctraceyWPC,1/7/2020 20:41:36
1394,Washington,Donegal Township,xxx42629,{00000000-0000-0000-0000-000000000000},ctraceyWPC,1/7/2020 20:41:36,ctraceyWPC,1/7/2020 20:41:36
1395,Washington,Cecil Township,xxx42636,{00000000-0000-0000-0000-000000000000},ctraceyWPC,1/7/2020 20:41:50,ctraceyWPC,1/7/2020 20:41:50
1396,Washington,Peters Township,xxx42636,{00000000-0000-0000-0000-000000000000},ctraceyWPC,1/7/2020 20:41:50,ctraceyWPC,1/7/2020 20:41:50
1397,Washington,Donegal Township,xxx42654,{00000000-0000-0000-0000-000000000000},ctraceyWPC,1/7/2020 20:42:04,ctraceyWPC,1/7/2020 20:42:04
1398,Washington,Independence Township,xxx42654,{00000000-0000-0000-0000-000000000000},ctraceyWPC,1/7/2020 20:42:04,ctraceyWPC,1/7/2020 20:42:04
1399,Washington,Hanover Township,xxx42697,{00000000-0000-0000-0000-000000000000},ctraceyWPC,1/7/2020 20:42:17,ctraceyWPC,1/7/2020 20:42:17
1400,Washington,Cecil Township,xxx42709,{00000000-0000-0000-0000-000000000000},ctraceyWPC,1/7/2020 20:42:31,ctraceyWPC,1/7/2020 20:42:31
1401,Washington,Fallowfield Township,xxx42713,{00000000-0000-0000-0000-000000000000},ctraceyWPC,1/7/2020 20:42:46,ctraceyWPC,1/7/2020 20:42:46
1402,Washington,Nottingham Township,xxx42713,{00000000-0000-0000-0000-000000000000},ctraceyWPC,1/7/2020 20:42:46,ctraceyWPC,1/7/2020 20:42:46
1403,Washington,Somerset Township,xxx42713,{00000000-0000-0000-0000-000000000000},ctraceyWPC,1/7/2020 20:42:46,ctraceyWPC,1/7/2020 20:42:46
1404,Washington,Nottingham Township,xxx42717,{00000000-0000-0000-0000-000000000000},ctraceyWPC,1/7/2020 20:43:09,ctraceyWPC,1/7/2020 20:43:09
1405,Washington,Cecil Township,xxx42718,{00000000-0000-0000-0000-000000000000},ctraceyWPC,1/7/2020 20:43:29,ctraceyWPC,1/7/2020 20:43:29
1406,Washington,North strabane Township,xxx42718,{00000000-0000-0000-0000-000000000000},ctraceyWPC,1/7/2020 20:43:29,ctraceyWPC,1/7/2020 20:43:29
1407,Washington,Morris Township,xxx42731,{00000000-0000-0000-0000-000000000000},ctraceyWPC,1/7/2020 20:43:48,ctraceyWPC,1/7/2020 20:43:48
1408,Washington,Morris Township,xxx42739,{00000000-0000-0000-0000-000000000000},ctraceyWPC,1/7/2020 20:44:16,ctraceyWPC,1/7/2020 20:44:16
1409,Allegheny,Forward Township,xxx42740,{00000000-0000-0000-0000-000000000000},ctraceyWPC,1/7/2020 20:44:36,ctraceyWPC,1/7/2020 20:44:36
1410,Washington,New eagle Borough,xxx42740,{00000000-0000-0000-0000-000000000000},ctraceyWPC,1/7/2020 20:44:36,ctraceyWPC,1/7/2020 20:44:36
1411,Washington,Carroll Township,xxx42740,{00000000-0000-0000-0000-000000000000},ctraceyWPC,1/7/2020 20:44:36,ctraceyWPC,1/7/2020 20:44:36
1412,Washington,Union Township,xxx42740,{00000000-0000-0000-0000-000000000000},ctraceyWPC,1/7/2020 20:44:36,ctraceyWPC,1/7/2020 20:44:36
1413,Washington,Donegal Township,xxx42742,{00000000-0000-0000-0000-000000000000},ctraceyWPC,1/7/2020 20:44:58,ctraceyWPC,1/7/2020 20:44:58
1414,Washington,East finley Township,xxx42742,{00000000-0000-0000-0000-000000000000},ctraceyWPC,1/7/2020 20:44:58,ctraceyWPC,1/7/2020 20:44:58
1415,Fayette,Luzerne Township,xxx42746,{00000000-0000-0000-0000-000000000000},ctraceyWPC,1/7/2020 20:45:19,ctraceyWPC,1/7/2020 20:45:19
1416,Washington,Centerville Borough,xxx42746,{00000000-0000-0000-0000-000000000000},ctraceyWPC,1/7/2020 20:45:19,ctraceyWPC,1/7/2020 20:45:19
1417,Washington,North bethlehem Township,xxx42747,{00000000-0000-0000-0000-000000000000},ctraceyWPC,1/7/2020 20:45:46,ctraceyWPC,1/7/2020 20:45:46
1418,Washington,Somerset Township,xxx42747,{00000000-0000-0000-0000-000000000000},ctraceyWPC,1/7/2020 20:45:46,ctraceyWPC,1/7/2020 20:45:46
1419,Washington,Cokeburg Borough,xxx42747,{00000000-0000-0000-0000-000000000000},ctraceyWPC,1/7/2020 20:45:46,ctraceyWPC,1/7/2020 20:45:46
1420,Washington,East finley Township,xxx42764,{00000000-0000-0000-0000-000000000000},ctraceyWPC,1/7/2020 20:46:09,ctraceyWPC,1/7/2020 20:46:09
1421,Washington,West finley Township,xxx42764,{00000000-0000-0000-0000-000000000000},ctraceyWPC,1/7/2020 20:46:09,ctraceyWPC,1/7/2020 20:46:09
1422,Washington,Smith Township,xxx42811,{00000000-0000-0000-0000-000000000000},ctraceyWPC,1/7/2020 20:46:25,ctraceyWPC,1/7/2020 20:46:25
1423,Washington,Union Township,xxx42813,{00000000-0000-0000-0000-000000000000},ctraceyWPC,1/7/2020 20:46:39,ctraceyWPC,1/7/2020 20:46:39
1424,Washington,Morris Township,xxx42814,{00000000-0000-0000-0000-000000000000},ctraceyWPC,1/7/2020 20:46:53,ctraceyWPC,1/7/2020 20:46:53
1425,Washington,Independence Township,xxx42815,{00000000-0000-0000-0000-000000000000},ctraceyWPC,1/7/2020 20:47:06,ctraceyWPC,1/7/2020 20:47:06
1426,Washington,Jefferson Township,xxx42815,{00000000-0000-0000-0000-000000000000},ctraceyWPC,1/7/2020 20:47:06,ctraceyWPC,1/7/2020 20:47:06
1427,Washington,Fallowfield Township,xxx42816,{00000000-0000-0000-0000-000000000000},ctraceyWPC,1/7/2020 20:47:21,ctraceyWPC,1/7/2020 20:47:21
1428,Washington,California Borough,xxx42816,{00000000-0000-0000-0000-000000000000},ctraceyWPC,1/7/2020 20:47:21,ctraceyWPC,1/7/2020 20:47:21
1429,Washington,Long branch Borough,xxx42816,{00000000-0000-0000-0000-000000000000},ctraceyWPC,1/7/2020 20:47:21,ctraceyWPC,1/7/2020 20:47:21
1430,Washington,Twilight Borough,xxx42816,{00000000-0000-0000-0000-000000000000},ctraceyWPC,1/7/2020 20:47:21,ctraceyWPC,1/7/2020 20:47:21
1431,Washington,Nottingham Township,xxx42817,{00000000-0000-0000-0000-000000000000},ctraceyWPC,1/7/2020 20:47:35,ctraceyWPC,1/7/2020 20:47:35
1432,Washington,Peters Township,xxx42817,{00000000-0000-0000-0000-000000000000},ctraceyWPC,1/7/2020 20:47:35,ctraceyWPC,1/7/2020 20:47:35
1433,Washington,Peters Township,xxx42818,{00000000-0000-0000-0000-000000000000},ctraceyWPC,1/7/2020 20:47:49,ctraceyWPC,1/7/2020 20:47:49
1434,Beaver,Hanover Township,xxx45623,{00000000-0000-0000-0000-000000000000},ctraceyWPC,1/7/2020 20:48:04,ctraceyWPC,1/7/2020 20:48:04
1435,Washington,Hanover Township,xxx45623,{00000000-0000-0000-0000-000000000000},ctraceyWPC,1/7/2020 20:48:04,ctraceyWPC,1/7/2020 20:48:04
1436,Washington,Robinson Township,xxx45623,{00000000-0000-0000-0000-000000000000},ctraceyWPC,1/7/2020 20:48:04,ctraceyWPC,1/7/2020 20:48:04
1437,Greene,Richhill Township,xxx45727,{00000000-0000-0000-0000-000000000000},ctraceyWPC,1/7/2020 20:48:20,ctraceyWPC,1/7/2020 20:48:20
1438,Washington,West finley Township,xxx45727,{00000000-0000-0000-0000-000000000000},ctraceyWPC,1/7/2020 20:48:20,ctraceyWPC,1/7/2020 20:48:20
1439,Greene,Richhill Township,xxx45728,{00000000-0000-0000-0000-000000000000},ctraceyWPC,1/7/2020 20:48:35,ctraceyWPC,1/7/2020 20:48:35
1440,Washington,West finley Township,xxx45728,{00000000-0000-0000-0000-000000000000},ctraceyWPC,1/7/2020 20:48:35,ctraceyWPC,1/7/2020 20:48:35
1441,Greene,Richhill Township,xxx45729,{00000000-0000-0000-0000-000000000000},ctraceyWPC,1/7/2020 20:48:56,ctraceyWPC,1/7/2020 20:48:56
1442,Washington,West finley Township,xxx45729,{00000000-0000-0000-0000-000000000000},ctraceyWPC,1/7/2020 20:48:56,ctraceyWPC,1/7/2020 20:48:56
1443,Greene,Richhill Township,xxx48355,{00000000-0000-0000-0000-000000000000},ctraceyWPC,1/7/2020 20:49:11,ctraceyWPC,1/7/2020 20:49:11
1444,Washington,West finley Township,xxx48355,{00000000-0000-0000-0000-000000000000},ctraceyWPC,1/7/2020 20:49:11,ctraceyWPC,1/7/2020 20:49:11
1445,Beaver,Hanover Township,xxx48356,{00000000-0000-0000-0000-000000000000},ctraceyWPC,1/7/2020 20:49:28,ctraceyWPC,1/7/2020 20:49:28
1446,Beaver,Independence Township,xxx48356,{00000000-0000-0000-0000-000000000000},ctraceyWPC,1/7/2020 20:49:29,ctraceyWPC,1/7/2020 20:49:29
1447,Washington,Hanover Township,xxx48356,{00000000-0000-0000-0000-000000000000},ctraceyWPC,1/7/2020 20:49:29,ctraceyWPC,1/7/2020 20:49:29
1448,Washington,Robinson Township,xxx48356,{00000000-0000-0000-0000-000000000000},ctraceyWPC,1/7/2020 20:49:29,ctraceyWPC,1/7/2020 20:49:29
1449,Greene,Richhill Township,xxx48513,{00000000-0000-0000-0000-000000000000},ctraceyWPC,1/7/2020 20:49:43,ctraceyWPC,1/7/2020 20:49:43
1450,Washington,West finley Township,xxx48513,{00000000-0000-0000-0000-000000000000},ctraceyWPC,1/7/2020 20:49:43,ctraceyWPC,1/7/2020 20:49:43
1233,Washington,Hanover Township,alj86760,{00000000-0000-0000-0000-000000000000},ctraceyWPC,1/7/2020 20:16:55,ctraceyWPC,1/7/2020 20:16:55
1234,Washington,Robinson Township,alj86760,{00000000-0000-0000-0000-000000000000},ctraceyWPC,1/7/2020 20:16:55,ctraceyWPC,1/7/2020 20:16:55
1235,Washington,Hanover Township,alj86761,{00000000-0000-0000-0000-000000000000},ctraceyWPC,1/7/2020 20:17:09,ctraceyWPC,1/7/2020 20:17:09
1236,Washington,Robinson Township,alj86762,{00000000-0000-0000-0000-000000000000},ctraceyWPC,1/7/2020 20:17:23,ctraceyWPC,1/7/2020 20:17:23
1237,Washington,Smith Township,alj86762,{00000000-0000-0000-0000-000000000000},ctraceyWPC,1/7/2020 20:17:23,ctraceyWPC,1/7/2020 20:17:23
1238,Washington,Robinson Township,alj86763,{00000000-0000-0000-0000-000000000000},ctraceyWPC,1/7/2020 20:17:41,ctraceyWPC,1/7/2020 20:17:41
1239,Washington,Robinson Township,alj86764,{00000000-0000-0000-0000-000000000000},ctraceyWPC,1/7/2020 20:17:54,ctraceyWPC,1/7/2020 20:17:54
1240,Washington,Robinson Township,alj86765,{00000000-0000-0000-0000-000000000000},ctraceyWPC,1/7/2020 20:18:08,ctraceyWPC,1/7/2020 20:18:08
1241,Washington,Mount pleasant Township,alj86766,{00000000-0000-0000-0000-000000000000},ctraceyWPC,1/7/2020 20:18:25,ctraceyWPC,1/7/2020 20:18:25
1242,Washington,Mount pleasant Township,alj86767,{00000000-0000-0000-0000-000000000000},ctraceyWPC,1/7/2020 20:18:39,ctraceyWPC,1/7/2020 20:18:39
1243,Washington,Mount pleasant Township,alj86768,{00000000-0000-0000-0000-000000000000},ctraceyWPC,1/7/2020 20:18:52,ctraceyWPC,1/7/2020 20:18:52
1244,Washington,Chartiers Township,alj86769,{00000000-0000-0000-0000-000000000000},ctraceyWPC,1/7/2020 20:19:08,ctraceyWPC,1/7/2020 20:19:08
1245,Washington,Independence Township,alj86770,{00000000-0000-0000-0000-000000000000},ctraceyWPC,1/7/2020 20:19:23,ctraceyWPC,1/7/2020 20:19:23
1246,Washington,Jefferson Township,alj86770,{00000000-0000-0000-0000-000000000000},ctraceyWPC,1/7/2020 20:19:23,ctraceyWPC,1/7/2020 20:19:23
1247,Washington,Hopewell Township,alj86771,{00000000-0000-0000-0000-000000000000},ctraceyWPC,1/7/2020 20:19:36,ctraceyWPC,1/7/2020 20:19:36
1248,Washington,Cecil Township,alj86772,{00000000-0000-0000-0000-000000000000},ctraceyWPC,1/7/2020 20:19:51,ctraceyWPC,1/7/2020 20:19:51
1249,Washington,Cross creek Township,alj86773,{00000000-0000-0000-0000-000000000000},ctraceyWPC,1/7/2020 20:20:05,ctraceyWPC,1/7/2020 20:20:05
1250,Washington,Hopewell Township,alj86773,{00000000-0000-0000-0000-000000000000},ctraceyWPC,1/7/2020 20:20:05,ctraceyWPC,1/7/2020 20:20:05
1251,Washington,Cecil Township,alj86774,{00000000-0000-0000-0000-000000000000},ctraceyWPC,1/7/2020 20:20:19,ctraceyWPC,1/7/2020 20:20:19
1252,Washington,Cecil Township,alj86775,{00000000-0000-0000-0000-000000000000},ctraceyWPC,1/7/2020 20:20:33,ctraceyWPC,1/7/2020 20:20:33
1253,Washington,Peters Township,alj86775,{00000000-0000-0000-0000-000000000000},ctraceyWPC,1/7/2020 20:20:33,ctraceyWPC,1/7/2020 20:20:33
1254,Allegheny,South fayette Township,alj86776,{00000000-0000-0000-0000-000000000000},ctraceyWPC,1/7/2020 20:20:47,ctraceyWPC,1/7/2020 20:20:47
1255,Allegheny,Upper st clair Township,alj86776,{00000000-0000-0000-0000-000000000000},ctraceyWPC,1/7/2020 20:20:47,ctraceyWPC,1/7/2020 20:20:47
1256,Washington,Cecil Township,alj86776,{00000000-0000-0000-0000-000000000000},ctraceyWPC,1/7/2020 20:20:47,ctraceyWPC,1/7/2020 20:20:47
1257,Washington,North strabane Township,alj86776,{00000000-0000-0000-0000-000000000000},ctraceyWPC,1/7/2020 20:20:47,ctraceyWPC,1/7/2020 20:20:47
1258,Washington,Peters Township,alj86776,{00000000-0000-0000-0000-000000000000},ctraceyWPC,1/7/2020 20:20:47,ctraceyWPC,1/7/2020 20:20:47
1259,Washington,Cecil Township,alj86777,{00000000-0000-0000-0000-000000000000},ctraceyWPC,1/7/2020 20:21:01,ctraceyWPC,1/7/2020 20:21:01
1260,Washington,North strabane Township,alj86777,{00000000-0000-0000-0000-000000000000},ctraceyWPC,1/7/2020 20:21:01,ctraceyWPC,1/7/2020 20:21:01
1266,Washington,Donegal Township,alj86781,{00000000-0000-0000-0000-000000000000},ctraceyWPC,1/7/2020 20:21:58,ctraceyWPC,1/7/2020 20:21:58
1267,Washington,Independence Township,alj86782,{00000000-0000-0000-0000-000000000000},ctraceyWPC,1/7/2020 20:22:12,ctraceyWPC,1/7/2020 20:22:12
1268,Washington,Donegal Township,alj86783,{00000000-0000-0000-0000-000000000000},ctraceyWPC,1/7/2020 20:22:25,ctraceyWPC,1/7/2020 20:22:25
1269,Washington,Donegal Township,alj86784,{00000000-0000-0000-0000-000000000000},ctraceyWPC,1/7/2020 20:22:39,ctraceyWPC,1/7/2020 20:22:39
1270,Washington,Buffalo Township,alj86785,{00000000-0000-0000-0000-000000000000},ctraceyWPC,1/7/2020 20:22:53,ctraceyWPC,1/7/2020 20:22:53
1271,Washington,South franklin Township,alj86786,{00000000-0000-0000-0000-000000000000},ctraceyWPC,1/7/2020 20:23:10,ctraceyWPC,1/7/2020 20:23:10
1272,Washington,North franklin Township,alj86786,{00000000-0000-0000-0000-000000000000},ctraceyWPC,1/7/2020 20:23:10,ctraceyWPC,1/7/2020 20:23:10
1273,Washington,South franklin Township,alj86787,{00000000-0000-0000-0000-000000000000},ctraceyWPC,1/7/2020 20:23:31,ctraceyWPC,1/7/2020 20:23:31
1274,Washington,East finley Township,alj86788,{00000000-0000-0000-0000-000000000000},ctraceyWPC,1/7/2020 20:23:49,ctraceyWPC,1/7/2020 20:23:49
1275,Washington,West finley Township,alj86789,{00000000-0000-0000-0000-000000000000},ctraceyWPC,1/7/2020 20:24:09,ctraceyWPC,1/7/2020 20:24:09
1276,Washington,West finley Township,alj86790,{00000000-0000-0000-0000-000000000000},ctraceyWPC,1/7/2020 20:24:33,ctraceyWPC,1/7/2020 20:24:33
1277,Greene,Richhill Township,alj86791,{00000000-0000-0000-0000-000000000000},ctraceyWPC,1/7/2020 20:24:54,ctraceyWPC,1/7/2020 20:24:54
1278,Washington,West finley Township,alj86791,{00000000-0000-0000-0000-000000000000},ctraceyWPC,1/7/2020 20:24:54,ctraceyWPC,1/7/2020 20:24:54
1279,Washington,West finley Township,alj86792,{00000000-0000-0000-0000-000000000000},ctraceyWPC,1/7/2020 20:25:15,ctraceyWPC,1/7/2020 20:25:15
1280,Washington,West finley Township,alj86793,{00000000-0000-0000-0000-000000000000},ctraceyWPC,1/7/2020 20:25:34,ctraceyWPC,1/7/2020 20:25:34
1281,Washington,West finley Township,alj86794,{00000000-0000-0000-0000-000000000000},ctraceyWPC,1/7/2020 20:25:53,ctraceyWPC,1/7/2020 20:25:53
1282,Greene,Richhill Township,alj86795,{00000000-0000-0000-0000-000000000000},ctraceyWPC,1/7/2020 20:26:10,ctraceyWPC,1/7/2020 20:26:10
1283,Washington,West finley Township,alj86795,{00000000-0000-0000-0000-000000000000},ctraceyWPC,1/7/2020 20:26:10,ctraceyWPC,1/7/2020 20:26:10
1284,Greene,Richhill Township,alj86796,{00000000-0000-0000-0000-000000000000},ctraceyWPC,1/7/2020 20:26:32,ctraceyWPC,1/7/2020 20:26:32
1285,Washington,West finley Township,alj86796,{00000000-0000-0000-0000-000000000000},ctraceyWPC,1/7/2020 20:26:32,ctraceyWPC,1/7/2020 20:26:32
1286,Washington,East finley Township,alj86797,{00000000-0000-0000-0000-000000000000},ctraceyWPC,1/7/2020 20:26:52,ctraceyWPC,1/7/2020 20:26:52
1287,Washington,Morris Township,alj86798,{00000000-0000-0000-0000-000000000000},ctraceyWPC,1/7/2020 20:27:11,ctraceyWPC,1/7/2020 20:27:11
1288,Washington,Morris Township,alj86799,{00000000-0000-0000-0000-000000000000},ctraceyWPC,1/7/2020 20:27:36,ctraceyWPC,1/7/2020 20:27:36
1289,Washington,Amwell Township,alj86800,{00000000-0000-0000-0000-000000000000},ctraceyWPC,1/7/2020 20:27:58,ctraceyWPC,1/7/2020 20:27:58
1290,Greene,Morgan Township,alj86801,{00000000-0000-0000-0000-000000000000},ctraceyWPC,1/7/2020 20:28:21,ctraceyWPC,1/7/2020 20:28:21
1291,Washington,West bethlehem Township,alj86801,{00000000-0000-0000-0000-000000000000},ctraceyWPC,1/7/2020 20:28:21,ctraceyWPC,1/7/2020 20:28:21
1292,Washington,Marianna Borough,alj86801,{00000000-0000-0000-0000-000000000000},ctraceyWPC,1/7/2020 20:28:21,ctraceyWPC,1/7/2020 20:28:21
1295,Washington,Amwell Township,alj86803,{00000000-0000-0000-0000-000000000000},ctraceyWPC,1/7/2020 20:28:56,ctraceyWPC,1/7/2020 20:28:56
1296,Washington,West bethlehem Township,alj86803,{00000000-0000-0000-0000-000000000000},ctraceyWPC,1/7/2020 20:28:56,ctraceyWPC,1/7/2020 20:28:56
1297,Greene,Morgan Township,alj86804,{00000000-0000-0000-0000-000000000000},ctraceyWPC,1/7/2020 20:29:13,ctraceyWPC,1/7/2020 20:29:13
1298,Washington,East bethlehem Township,alj86804,{00000000-0000-0000-0000-000000000000},ctraceyWPC,1/7/2020 20:29:13,ctraceyWPC,1/7/2020 20:29:13
1299,Washington,West bethlehem Township,alj86804,{00000000-0000-0000-0000-000000000000},ctraceyWPC,1/7/2020 20:29:13,ctraceyWPC,1/7/2020 20:29:13
1300,Washington,Deemston Borough,alj86804,{00000000-0000-0000-0000-000000000000},ctraceyWPC,1/7/2020 20:29:13,ctraceyWPC,1/7/2020 20:29:13
1301,Washington,West bethlehem Township,alj86805,{00000000-0000-0000-0000-000000000000},ctraceyWPC,1/7/2020 20:29:29,ctraceyWPC,1/7/2020 20:29:29
1302,Washington,Marianna Borough,alj86805,{00000000-0000-0000-0000-000000000000},ctraceyWPC,1/7/2020 20:29:29,ctraceyWPC,1/7/2020 20:29:29
1210,Allegheny,Jefferson hills Borough,alj86731,{00000000-0000-0000-0000-000000000000},ctraceyWPC,1/7/2020 20:15:15,ctraceyWPC,1/7/2020 20:15:15
1211,Allegheny,South park Township,alj86731,{00000000-0000-0000-0000-000000000000},ctraceyWPC,1/7/2020 20:15:15,ctraceyWPC,1/7/2020 20:15:15
1212,Allegheny,Clairton City,alj86731,{00000000-0000-0000-0000-000000000000},ctraceyWPC,1/7/2020 20:15:15,ctraceyWPC,1/7/2020 20:15:15
1213,Washington,Union Township,alj86731,{00000000-0000-0000-0000-000000000000},ctraceyWPC,1/7/2020 20:15:15,ctraceyWPC,1/7/2020 20:15:15
1214,Allegheny,West elizabeth Borough,alj86739,{00000000-0000-0000-0000-000000000000},ctraceyWPC,1/7/2020 20:15:29,ctraceyWPC,1/7/2020 20:15:29
1215,Allegheny,Jefferson hills Borough,alj86739,{00000000-0000-0000-0000-000000000000},ctraceyWPC,1/7/2020 20:15:29,ctraceyWPC,1/7/2020 20:15:29
1216,Allegheny,Lincoln Borough,alj86739,{00000000-0000-0000-0000-000000000000},ctraceyWPC,1/7/2020 20:15:29,ctraceyWPC,1/7/2020 20:15:29
1217,Allegheny,Elizabeth Borough,alj86739,{00000000-0000-0000-0000-000000000000},ctraceyWPC,1/7/2020 20:15:30,ctraceyWPC,1/7/2020 20:15:30
1218,Allegheny,Clairton City,alj86739,{00000000-0000-0000-0000-000000000000},ctraceyWPC,1/7/2020 20:15:30,ctraceyWPC,1/7/2020 20:15:30
1219,Allegheny,Forward Township,alj86739,{00000000-0000-0000-0000-000000000000},ctraceyWPC,1/7/2020 20:15:30,ctraceyWPC,1/7/2020 20:15:30
1220,Washington,Monongahela City,alj86739,{00000000-0000-0000-0000-000000000000},ctraceyWPC,1/7/2020 20:15:30,ctraceyWPC,1/7/2020 20:15:30
1221,Washington,New eagle Borough,alj86739,{00000000-0000-0000-0000-000000000000},ctraceyWPC,1/7/2020 20:15:30,ctraceyWPC,1/7/2020 20:15:30
1222,Allegheny,Elizabeth Township,alj86739,{00000000-0000-0000-0000-000000000000},ctraceyWPC,1/7/2020 20:15:30,ctraceyWPC,1/7/2020 20:15:30
1223,Washington,Carroll Township,alj86739,{00000000-0000-0000-0000-000000000000},ctraceyWPC,1/7/2020 20:15:30,ctraceyWPC,1/7/2020 20:15:30
1224,Washington,Union Township,alj86739,{00000000-0000-0000-0000-000000000000},ctraceyWPC,1/7/2020 20:15:30,ctraceyWPC,1/7/2020 20:15:30
1225,Washington,New eagle Borough,alj86740,{00000000-0000-0000-0000-000000000000},ctraceyWPC,1/7/2020 20:15:45,ctraceyWPC,1/7/2020 20:15:45
1226,Washington,Carroll Township,alj86740,{00000000-0000-0000-0000-000000000000},ctraceyWPC,1/7/2020 20:15:45,ctraceyWPC,1/7/2020 20:15:45
1227,Washington,Union Township,alj86740,{00000000-0000-0000-0000-000000000000},ctraceyWPC,1/7/2020 20:15:45,ctraceyWPC,1/7/2020 20:15:45
1228,Washington,Hanover Township,alj86756,{00000000-0000-0000-0000-000000000000},ctraceyWPC,1/7/2020 20:15:59,ctraceyWPC,1/7/2020 20:15:59
1229,Washington,Hanover Township,alj86757,{00000000-0000-0000-0000-000000000000},ctraceyWPC,1/7/2020 20:16:13,ctraceyWPC,1/7/2020 20:16:13
1230,Washington,Hanover Township,alj86758,{00000000-0000-0000-0000-000000000000},ctraceyWPC,1/7/2020 20:16:27,ctraceyWPC,1/7/2020 20:16:27
2849,Greene,Greene Township,alj86866,{00000000-0000-0000-0000-000000000000},ctraceyWPC,2/21/2020 18:35:53,ctraceyWPC,2/21/2020 18:35:53
2850,Greene,Monongahela Township,alj86866,{00000000-0000-0000-0000-000000000000},ctraceyWPC,2/21/2020 18:35:53,ctraceyWPC,2/21/2020 18:35:53
2851,Greene,Cumberland Township,alj87702,{00000000-0000-0000-0000-000000000000},ctraceyWPC,2/21/2020 18:36:05,ctraceyWPC,2/21/2020 18:36:05
2852,Greene,Wayne Township,alj90241,{00000000-0000-0000-0000-000000000000},ctraceyWPC,2/21/2020 18:36:18,ctraceyWPC,2/21/2020 18:36:18
1304,Washington,Somerset Township,alj86807,{00000000-0000-0000-0000-000000000000},ctraceyWPC,1/7/2020 20:30:04,ctraceyWPC,1/7/2020 20:30:04
1306,Washington,Fallowfield Township,alj86809,{00000000-0000-0000-0000-000000000000},ctraceyWPC,1/7/2020 20:30:51,ctraceyWPC,1/7/2020 20:30:51
1307,Washington,Nottingham Township,alj86809,{00000000-0000-0000-0000-000000000000},ctraceyWPC,1/7/2020 20:30:51,ctraceyWPC,1/7/2020 20:30:51
1308,Washington,Somerset Township,alj86809,{00000000-0000-0000-0000-000000000000},ctraceyWPC,1/7/2020 20:30:51,ctraceyWPC,1/7/2020 20:30:51
1309,Washington,Nottingham Township,alj86810,{00000000-0000-0000-0000-000000000000},ctraceyWPC,1/7/2020 20:31:07,ctraceyWPC,1/7/2020 20:31:07
1310,Washington,Carroll Township,alj86811,{00000000-0000-0000-0000-000000000000},ctraceyWPC,1/7/2020 20:31:27,ctraceyWPC,1/7/2020 20:31:27
1311,Washington,Union Township,alj86812,{00000000-0000-0000-0000-000000000000},ctraceyWPC,1/7/2020 20:31:52,ctraceyWPC,1/7/2020 20:31:52
3208,Greene,Gilmore Township,alj78849,{00000000-0000-0000-0000-000000000000},AJohnsonWPC,3/3/2020 16:19:55,AJohnsonWPC,3/3/2020 16:19:55
3221,Indiana,Young Township,alj82514,{00000000-0000-0000-0000-000000000000},AJohnsonWPC,3/3/2020 16:24:05,AJohnsonWPC,3/3/2020 16:24:05
3222,Armstrong,South Bend Township,alj82514,{00000000-0000-0000-0000-000000000000},AJohnsonWPC,3/3/2020 16:24:05,AJohnsonWPC,3/3/2020 16:24:05
3223,Armstrong,Burrell Township,alj82515,{00000000-0000-0000-0000-000000000000},AJohnsonWPC,3/3/2020 16:24:45,AJohnsonWPC,3/3/2020 16:24:45
3224,Armstrong,Burrell Township,alj82517,{00000000-0000-0000-0000-000000000000},AJohnsonWPC,3/3/2020 16:25:16,AJohnsonWPC,3/3/2020 16:25:16
3227,Armstrong,Plumcreek Township,alj82524,{00000000-0000-0000-0000-000000000000},AJohnsonWPC,3/3/2020 16:26:25,AJohnsonWPC,3/3/2020 16:26:25
3228,Indiana,Armstrong Township,alj82525,{00000000-0000-0000-0000-000000000000},AJohnsonWPC,3/3/2020 16:26:57,AJohnsonWPC,3/3/2020 16:26:57
3229,Armstrong,Plumcreek Township,alj82525,{00000000-0000-0000-0000-000000000000},AJohnsonWPC,3/3/2020 16:26:57,AJohnsonWPC,3/3/2020 16:26:57
3230,Indiana,Washington Township,alj82526,{00000000-0000-0000-0000-000000000000},AJohnsonWPC,3/3/2020 16:27:32,AJohnsonWPC,3/3/2020 16:27:32
3231,Armstrong,Plumcreek Township,alj82526,{00000000-0000-0000-0000-000000000000},AJohnsonWPC,3/3/2020 16:27:32,AJohnsonWPC,3/3/2020 16:27:32
3252,Indiana,Grant Township,alj84145,{00000000-0000-0000-0000-000000000000},AJohnsonWPC,3/3/2020 16:31:25,AJohnsonWPC,3/3/2020 16:31:25
3253,Indiana,Canoe Township,alj84145,{00000000-0000-0000-0000-000000000000},AJohnsonWPC,3/3/2020 16:31:25,AJohnsonWPC,3/3/2020 16:31:25
3254,Mifflin,Armagh Township,alj84147,{00000000-0000-0000-0000-000000000000},AJohnsonWPC,3/3/2020 16:32:00,AJohnsonWPC,3/3/2020 16:32:00
3263,Indiana,Center Township,alj84570,{00000000-0000-0000-0000-000000000000},AJohnsonWPC,3/3/2020 16:36:50,AJohnsonWPC,3/3/2020 16:36:50
3264,Indiana,White Township,alj84572,{00000000-0000-0000-0000-000000000000},AJohnsonWPC,3/3/2020 16:37:24,AJohnsonWPC,3/3/2020 16:37:24
3265,Indiana,Cherryhill Township,alj84572,{00000000-0000-0000-0000-000000000000},AJohnsonWPC,3/3/2020 16:37:24,AJohnsonWPC,3/3/2020 16:37:24
3266,Indiana,White Township,alj84574,{00000000-0000-0000-0000-000000000000},AJohnsonWPC,3/3/2020 16:37:50,AJohnsonWPC,3/3/2020 16:37:50
3268,Indiana,Armstrong Township,alj84576,{00000000-0000-0000-0000-000000000000},AJohnsonWPC,3/3/2020 16:38:52,AJohnsonWPC,3/3/2020 16:38:52
3269,Indiana,Young Township,alj84577,{00000000-0000-0000-0000-000000000000},AJohnsonWPC,3/3/2020 16:39:30,AJohnsonWPC,3/3/2020 16:39:30
3451,Greene,Aleppo Township,alj86836,{00000000-0000-0000-0000-000000000000},AJohnsonWPC,3/3/2020 17:24:11,AJohnsonWPC,3/3/2020 17:24:11
3452,Greene,Springhill Township,alj86838,{00000000-0000-0000-0000-000000000000},AJohnsonWPC,3/3/2020 17:24:35,AJohnsonWPC,3/3/2020 17:24:35
3453,Greene,Freeport Township,alj86839,{00000000-0000-0000-0000-000000000000},AJohnsonWPC,3/3/2020 17:24:56,AJohnsonWPC,3/3/2020 17:24:56
3454,Greene,Springhill Township,alj86839,{00000000-0000-0000-0000-000000000000},AJohnsonWPC,3/3/2020 17:24:56,AJohnsonWPC,3/3/2020 17:24:56
3455,Greene,Freeport Township,alj86840,{00000000-0000-0000-0000-000000000000},AJohnsonWPC,3/3/2020 17:25:21,AJohnsonWPC,3/3/2020 17:25:21
3456,Greene,Springhill Township,alj86840,{00000000-0000-0000-0000-000000000000},AJohnsonWPC,3/3/2020 17:25:21,AJohnsonWPC,3/3/2020 17:25:21
3457,Greene,Gilmore Township,alj86842,{00000000-0000-0000-0000-000000000000},AJohnsonWPC,3/3/2020 17:25:45,AJohnsonWPC,3/3/2020 17:25:45
3458,Greene,Gilmore Township,alj86843,{00000000-0000-0000-0000-000000000000},AJohnsonWPC,3/3/2020 17:26:11,AJohnsonWPC,3/3/2020 17:26:11
3459,Fayette,Springhill Township,alj86863,{00000000-0000-0000-0000-000000000000},AJohnsonWPC,3/3/2020 17:26:35,AJohnsonWPC,3/3/2020 17:26:35
3460,Indiana,Armstrong Township,alj84575,{00000000-0000-0000-0000-000000000000},AJohnsonWPC,3/3/2020 19:06:23,AJohnsonWPC,3/3/2020 19:06:23
4401,Westmoreland,Cook Township,ajohnson000001,{00000000-0000-0000-0000-000000000000},AJohnsonWPC,3/9/2020 17:51:22,AJohnsonWPC,3/9/2020 17:51:22
4402,Westmoreland,Donegal Township,ajohnson000001,{00000000-0000-0000-0000-000000000000},AJohnsonWPC,3/9/2020 17:51:22,AJohnsonWPC,3/9/2020 17:51:22
4403,Westmoreland,Donegal Township,ajohnson000006,{00000000-0000-0000-0000-000000000000},AJohnsonWPC,3/9/2020 17:51:48,AJohnsonWPC,3/9/2020 17:51:48
4404,Westmoreland,Derry Township,ajohnson000007,{00000000-0000-0000-0000-000000000000},AJohnsonWPC,3/9/2020 17:52:06,AJohnsonWPC,3/9/2020 17:52:06
4405,Indiana,East Wheatfield Township,alj84559,{00000000-0000-0000-0000-000000000000},AJohnsonWPC,3/9/2020 17:52:28,AJohnsonWPC,3/9/2020 17:52:28
4406,Indiana,East Wheatfield Township,alj84560,{00000000-0000-0000-0000-000000000000},AJohnsonWPC,3/9/2020 17:52:47,AJohnsonWPC,3/9/2020 17:52:47
4407,Indiana,East Wheatfield Township,alj84561,{00000000-0000-0000-0000-000000000000},AJohnsonWPC,3/9/2020 17:53:08,AJohnsonWPC,3/9/2020 17:53:08
4408,Westmoreland,St Clair Township,alj84561,{00000000-0000-0000-0000-000000000000},AJohnsonWPC,3/9/2020 17:53:08,AJohnsonWPC,3/9/2020 17:53:08
4409,Westmoreland,Fairfield Township,alj84563,{00000000-0000-0000-0000-000000000000},AJohnsonWPC,3/9/2020 17:53:27,AJohnsonWPC,3/9/2020 17:53:27
4410,Westmoreland,St Clair Township,alj84563,{00000000-0000-0000-0000-000000000000},AJohnsonWPC,3/9/2020 17:53:27,AJohnsonWPC,3/9/2020 17:53:27
4411,Indiana,West Wheatfield Township,alj84564,{00000000-0000-0000-0000-000000000000},AJohnsonWPC,3/9/2020 17:53:46,AJohnsonWPC,3/9/2020 17:53:46
4412,Indiana,Burrell Township,alj84566,{00000000-0000-0000-0000-000000000000},AJohnsonWPC,3/9/2020 17:54:04,AJohnsonWPC,3/9/2020 17:54:04
4413,Indiana,Blairsville Borough,alj84567,{00000000-0000-0000-0000-000000000000},AJohnsonWPC,3/9/2020 17:54:21,AJohnsonWPC,3/9/2020 17:54:21
4414,Indiana,Burrell Township,alj84567,{00000000-0000-0000-0000-000000000000},AJohnsonWPC,3/9/2020 17:54:21,AJohnsonWPC,3/9/2020 17:54:21
4415,Westmoreland,Derry Township,alj84567,{00000000-0000-0000-0000-000000000000},AJohnsonWPC,3/9/2020 17:54:21,AJohnsonWPC,3/9/2020 17:54:21
4416,Indiana,Burrell Township,alj84972,{00000000-0000-0000-0000-000000000000},AJohnsonWPC,3/9/2020 17:54:38,AJohnsonWPC,3/9/2020 17:54:38
4417,Westmoreland,Derry Township,alj84972,{00000000-0000-0000-0000-000000000000},AJohnsonWPC,3/9/2020 17:54:39,AJohnsonWPC,3/9/2020 17:54:39
4418,Indiana,Conemaugh Township,alj84973,{00000000-0000-0000-0000-000000000000},AJohnsonWPC,3/9/2020 17:54:55,AJohnsonWPC,3/9/2020 17:54:55
4419,Westmoreland,Derry Township,alj84973,{00000000-0000-0000-0000-000000000000},AJohnsonWPC,3/9/2020 17:54:55,AJohnsonWPC,3/9/2020 17:54:55
4420,Westmoreland,Mount Pleasant Township,alj87750,{00000000-0000-0000-0000-000000000000},AJohnsonWPC,3/9/2020 17:55:14,AJohnsonWPC,3/9/2020 17:55:14
4421,Westmoreland,Mount Pleasant Township,alj87751,{00000000-0000-0000-0000-000000000000},AJohnsonWPC,3/9/2020 17:55:30,AJohnsonWPC,3/9/2020 17:55:30
4422,Westmoreland,Mount Pleasant Township,alj87752,{00000000-0000-0000-0000-000000000000},AJohnsonWPC,3/9/2020 17:55:46,AJohnsonWPC,3/9/2020 17:55:46
4423,Westmoreland,Mount Pleasant Township,alj87753,{00000000-0000-0000-0000-000000000000},AJohnsonWPC,3/9/2020 17:56:02,AJohnsonWPC,3/9/2020 17:56:02
4424,Westmoreland,Cook Township,alj87754,{00000000-0000-0000-0000-000000000000},AJohnsonWPC,3/9/2020 17:56:19,AJohnsonWPC,3/9/2020 17:56:19
4425,Westmoreland,Cook Township,alj87755,{00000000-0000-0000-0000-000000000000},AJohnsonWPC,3/9/2020 17:56:35,AJohnsonWPC,3/9/2020 17:56:35
4426,Westmoreland,Donegal Township,alj87755,{00000000-0000-0000-0000-000000000000},AJohnsonWPC,3/9/2020 17:56:35,AJohnsonWPC,3/9/2020 17:56:35
4427,Westmoreland,Mount Pleasant Township,alj87755,{00000000-0000-0000-0000-000000000000},AJohnsonWPC,3/9/2020 17:56:35,AJohnsonWPC,3/9/2020 17:56:35
4428,Westmoreland,Cook Township,alj87756,{00000000-0000-0000-0000-000000000000},AJohnsonWPC,3/9/2020 17:56:51,AJohnsonWPC,3/9/2020 17:56:51
4429,Westmoreland,Cook Township,alj87757,{00000000-0000-0000-0000-000000000000},AJohnsonWPC,3/9/2020 17:57:07,AJohnsonWPC,3/9/2020 17:57:07
4430,Westmoreland,Donegal Township,alj87758,{00000000-0000-0000-0000-000000000000},AJohnsonWPC,3/9/2020 17:57:23,AJohnsonWPC,3/9/2020 17:57:23
4431,Westmoreland,Donegal Township,alj87759,{00000000-0000-0000-0000-000000000000},AJohnsonWPC,3/9/2020 17:57:39,AJohnsonWPC,3/9/2020 17:57:39
4432,Somerset,Jefferson Township,alj87761,{00000000-0000-0000-0000-000000000000},AJohnsonWPC,3/9/2020 17:57:56,AJohnsonWPC,3/9/2020 17:57:56
4433,Westmoreland,Donegal Township,alj87761,{00000000-0000-0000-0000-000000000000},AJohnsonWPC,3/9/2020 17:57:56,AJohnsonWPC,3/9/2020 17:57:56
4434,Westmoreland,Donegal Township,alj87762,{00000000-0000-0000-0000-000000000000},AJohnsonWPC,3/9/2020 17:58:13,AJohnsonWPC,3/9/2020 17:58:13
4435,Westmoreland,Donegal Township,alj87763,{00000000-0000-0000-0000-000000000000},AJohnsonWPC,3/9/2020 17:58:29,AJohnsonWPC,3/9/2020 17:58:29
4436,Westmoreland,Donegal Township,alj87764,{00000000-0000-0000-0000-000000000000},AJohnsonWPC,3/9/2020 17:58:45,AJohnsonWPC,3/9/2020 17:58:45
4437,Westmoreland,Donegal Township,alj87765,{00000000-0000-0000-0000-000000000000},AJohnsonWPC,3/9/2020 17:59:05,AJohnsonWPC,3/9/2020 17:59:05
4438,Somerset,Lincoln Township,alj87768,{00000000-0000-0000-0000-000000000000},AJohnsonWPC,3/9/2020 17:59:22,AJohnsonWPC,3/9/2020 17:59:22
4439,Westmoreland,Cook Township,alj87768,{00000000-0000-0000-0000-000000000000},AJohnsonWPC,3/9/2020 17:59:22,AJohnsonWPC,3/9/2020 17:59:22
4440,Westmoreland,Ligonier Township,alj87768,{00000000-0000-0000-0000-000000000000},AJohnsonWPC,3/9/2020 17:59:22,AJohnsonWPC,3/9/2020 17:59:22
4441,Westmoreland,Cook Township,alj87769,{00000000-0000-0000-0000-000000000000},AJohnsonWPC,3/9/2020 17:59:38,AJohnsonWPC,3/9/2020 17:59:38
4442,Westmoreland,Cook Township,alj87770,{00000000-0000-0000-0000-000000000000},AJohnsonWPC,3/9/2020 17:59:58,AJohnsonWPC,3/9/2020 17:59:58
4443,Westmoreland,Cook Township,alj87771,{00000000-0000-0000-0000-000000000000},AJohnsonWPC,3/9/2020 18:00:15,AJohnsonWPC,3/9/2020 18:00:15
4444,Westmoreland,Ligonier Township,alj87771,{00000000-0000-0000-0000-000000000000},AJohnsonWPC,3/9/2020 18:00:15,AJohnsonWPC,3/9/2020 18:00:15
4445,Westmoreland,Ligonier Borough,alj87771,{00000000-0000-0000-0000-000000000000},AJohnsonWPC,3/9/2020 18:00:15,AJohnsonWPC,3/9/2020 18:00:15
4446,Westmoreland,Laurel Mountain Borough,alj87771,{00000000-0000-0000-0000-000000000000},AJohnsonWPC,3/9/2020 18:00:15,AJohnsonWPC,3/9/2020 18:00:15
4447,Westmoreland,Ligonier Township,alj87772,{00000000-0000-0000-0000-000000000000},AJohnsonWPC,3/9/2020 18:00:32,AJohnsonWPC,3/9/2020 18:00:32
4448,Westmoreland,Derry Township,alj87772,{00000000-0000-0000-0000-000000000000},AJohnsonWPC,3/9/2020 18:00:32,AJohnsonWPC,3/9/2020 18:00:32
4449,Westmoreland,Unity Township,alj87772,{00000000-0000-0000-0000-000000000000},AJohnsonWPC,3/9/2020 18:00:32,AJohnsonWPC,3/9/2020 18:00:32
4450,Westmoreland,Latrobe Borough,alj87773,{00000000-0000-0000-0000-000000000000},AJohnsonWPC,3/9/2020 18:00:51,AJohnsonWPC,3/9/2020 18:00:51
4451,Westmoreland,Derry Township,alj87773,{00000000-0000-0000-0000-000000000000},AJohnsonWPC,3/9/2020 18:00:51,AJohnsonWPC,3/9/2020 18:00:51
4452,Westmoreland,Unity Township,alj87773,{00000000-0000-0000-0000-000000000000},AJohnsonWPC,3/9/2020 18:00:51,AJohnsonWPC,3/9/2020 18:00:51
4453,Westmoreland,Derry Township,alj87774,{00000000-0000-0000-0000-000000000000},AJohnsonWPC,3/9/2020 18:01:09,AJohnsonWPC,3/9/2020 18:01:09
4454,Westmoreland,Ligonier Township,alj87775,{00000000-0000-0000-0000-000000000000},AJohnsonWPC,3/9/2020 18:01:26,AJohnsonWPC,3/9/2020 18:01:26
4455,Westmoreland,Latrobe Borough,alj87777,{00000000-0000-0000-0000-000000000000},AJohnsonWPC,3/9/2020 18:01:42,AJohnsonWPC,3/9/2020 18:01:42
4456,Westmoreland,Derry Township,alj87777,{00000000-0000-0000-0000-000000000000},AJohnsonWPC,3/9/2020 18:01:42,AJohnsonWPC,3/9/2020 18:01:42
4457,Westmoreland,Unity Township,alj87777,{00000000-0000-0000-0000-000000000000},AJohnsonWPC,3/9/2020 18:01:42,AJohnsonWPC,3/9/2020 18:01:42
4458,Westmoreland,Unity Township,alj87778,{00000000-0000-0000-0000-000000000000},AJohnsonWPC,3/9/2020 18:02:03,AJohnsonWPC,3/9/2020 18:02:03
4459,Westmoreland,Loyalhanna Township,alj88167,{00000000-0000-0000-0000-000000000000},AJohnsonWPC,3/9/2020 18:02:21,AJohnsonWPC,3/9/2020 18:02:21
4460,Westmoreland,Loyalhanna Township,alj88175,{00000000-0000-0000-0000-000000000000},AJohnsonWPC,3/9/2020 18:02:44,AJohnsonWPC,3/9/2020 18:02:44
4461,Westmoreland,Salem Township,alj88175,{00000000-0000-0000-0000-000000000000},AJohnsonWPC,3/9/2020 18:02:44,AJohnsonWPC,3/9/2020 18:02:44
4462,Westmoreland,Derry Township,alj88175,{00000000-0000-0000-0000-000000000000},AJohnsonWPC,3/9/2020 18:02:44,AJohnsonWPC,3/9/2020 18:02:44
4463,Westmoreland,Salem Township,alj88176,{00000000-0000-0000-0000-000000000000},AJohnsonWPC,3/9/2020 18:03:02,AJohnsonWPC,3/9/2020 18:03:02
4464,Westmoreland,Derry Township,alj88176,{00000000-0000-0000-0000-000000000000},AJohnsonWPC,3/9/2020 18:03:02,AJohnsonWPC,3/9/2020 18:03:02
4465,Westmoreland,Derry Township,alj88179,{00000000-0000-0000-0000-000000000000},AJohnsonWPC,3/9/2020 18:03:24,AJohnsonWPC,3/9/2020 18:03:24
4466,Westmoreland,Fairfield Township,alj88180,{00000000-0000-0000-0000-000000000000},AJohnsonWPC,3/9/2020 18:03:41,AJohnsonWPC,3/9/2020 18:03:41
4467,Westmoreland,Derry Township,alj88180,{00000000-0000-0000-0000-000000000000},AJohnsonWPC,3/9/2020 18:03:41,AJohnsonWPC,3/9/2020 18:03:41
4468,Westmoreland,Derry Township,alj88181,{00000000-0000-0000-0000-000000000000},AJohnsonWPC,3/9/2020 18:03:58,AJohnsonWPC,3/9/2020 18:03:58
4469,Westmoreland,Fairfield Township,alj88182,{00000000-0000-0000-0000-000000000000},AJohnsonWPC,3/9/2020 18:04:14,AJohnsonWPC,3/9/2020 18:04:14
4470,Westmoreland,Fairfield Township,alj88183,{00000000-0000-0000-0000-000000000000},AJohnsonWPC,3/9/2020 18:04:34,AJohnsonWPC,3/9/2020 18:04:34
4471,Westmoreland,St Clair Township,alj88183,{00000000-0000-0000-0000-000000000000},AJohnsonWPC,3/9/2020 18:04:34,AJohnsonWPC,3/9/2020 18:04:34
4472,Westmoreland,Fairfield Township,alj88184,{00000000-0000-0000-0000-000000000000},AJohnsonWPC,3/9/2020 18:04:51,AJohnsonWPC,3/9/2020 18:04:51
4473,Westmoreland,Ligonier Township,alj88184,{00000000-0000-0000-0000-000000000000},AJohnsonWPC,3/9/2020 18:04:51,AJohnsonWPC,3/9/2020 18:04:51
4474,Westmoreland,Ligonier Township,alj88185,{00000000-0000-0000-0000-000000000000},AJohnsonWPC,3/9/2020 18:05:08,AJohnsonWPC,3/9/2020 18:05:08
4475,Westmoreland,Ligonier Township,alj88186,{00000000-0000-0000-0000-000000000000},AJohnsonWPC,3/9/2020 18:05:24,AJohnsonWPC,3/9/2020 18:05:24
4476,Westmoreland,Laurel Mountain Borough,alj88186,{00000000-0000-0000-0000-000000000000},AJohnsonWPC,3/9/2020 18:05:24,AJohnsonWPC,3/9/2020 18:05:24
4477,Westmoreland,Fairfield Township,alj88187,{00000000-0000-0000-0000-000000000000},AJohnsonWPC,3/9/2020 18:05:40,AJohnsonWPC,3/9/2020 18:05:40
4478,Fayette,Bullskin Township,alj88196,{00000000-0000-0000-0000-000000000000},AJohnsonWPC,3/9/2020 18:05:58,AJohnsonWPC,3/9/2020 18:05:58
4479,Westmoreland,Mount Pleasant Township,alj88196,{00000000-0000-0000-0000-000000000000},AJohnsonWPC,3/9/2020 18:05:58,AJohnsonWPC,3/9/2020 18:05:58
4480,Fayette,Saltlick Township,alj88197,{00000000-0000-0000-0000-000000000000},AJohnsonWPC,3/9/2020 18:06:14,AJohnsonWPC,3/9/2020 18:06:14
4481,Westmoreland,Cook Township,alj90254,{00000000-0000-0000-0000-000000000000},AJohnsonWPC,3/9/2020 18:06:31,AJohnsonWPC,3/9/2020 18:06:31
4482,Westmoreland,Ligonier Township,alj90254,{00000000-0000-0000-0000-000000000000},AJohnsonWPC,3/9/2020 18:06:31,AJohnsonWPC,3/9/2020 18:06:31
4483,Westmoreland,Unity Township,alj90254,{00000000-0000-0000-0000-000000000000},AJohnsonWPC,3/9/2020 18:06:31,AJohnsonWPC,3/9/2020 18:06:31
4484,Westmoreland,Donegal Township,alj90255,{00000000-0000-0000-0000-000000000000},AJohnsonWPC,3/9/2020 18:06:47,AJohnsonWPC,3/9/2020 18:06:47
4485,Westmoreland,Ligonier Township,alj90256,{00000000-0000-0000-0000-000000000000},AJohnsonWPC,3/9/2020 18:07:04,AJohnsonWPC,3/9/2020 18:07:04
4486,Westmoreland,Fairfield Township,alj90257,{00000000-0000-0000-0000-000000000000},AJohnsonWPC,3/9/2020 18:07:23,AJohnsonWPC,3/9/2020 18:07:23
4487,Beaver,Conway Borough,ajohnson000005,{00000000-0000-0000-0000-000000000000},AJohnsonWPC,3/9/2020 18:18:20,AJohnsonWPC,3/9/2020 18:18:20
4488,Allegheny,Monroeville Borough,ajohnson000008,{00000000-0000-0000-0000-000000000000},AJohnsonWPC,3/9/2020 18:18:44,AJohnsonWPC,3/9/2020 18:18:44
4489,Butler,Winfield Township,alj82105,{00000000-0000-0000-0000-000000000000},AJohnsonWPC,3/9/2020 18:19:02,AJohnsonWPC,3/9/2020 18:19:02
4490,Butler,Buffalo Township,alj82105,{00000000-0000-0000-0000-000000000000},AJohnsonWPC,3/9/2020 18:19:02,AJohnsonWPC,3/9/2020 18:19:02
4491,Armstrong,South Buffalo Township,alj82105,{00000000-0000-0000-0000-000000000000},AJohnsonWPC,3/9/2020 18:19:02,AJohnsonWPC,3/9/2020 18:19:02
4492,Armstrong,Gilpin Township,alj82508,{00000000-0000-0000-0000-000000000000},AJohnsonWPC,3/9/2020 18:19:23,AJohnsonWPC,3/9/2020 18:19:23
4493,Armstrong,Parks Township,alj82509,{00000000-0000-0000-0000-000000000000},AJohnsonWPC,3/9/2020 18:19:45,AJohnsonWPC,3/9/2020 18:19:45
4494,Armstrong,Parks Township,alj82511,{00000000-0000-0000-0000-000000000000},AJohnsonWPC,3/9/2020 18:20:09,AJohnsonWPC,3/9/2020 18:20:09
4507,Butler,Middlesex Township,alj85853,{00000000-0000-0000-0000-000000000000},AJohnsonWPC,3/9/2020 18:21:06,AJohnsonWPC,3/9/2020 18:21:06
4518,Beaver,Fallston Borough,alj86660,{00000000-0000-0000-0000-000000000000},AJohnsonWPC,3/9/2020 18:23:18,AJohnsonWPC,3/9/2020 18:23:18
4519,Beaver,Bridgewater Borough,alj86660,{00000000-0000-0000-0000-000000000000},AJohnsonWPC,3/9/2020 18:23:18,AJohnsonWPC,3/9/2020 18:23:18
4520,Beaver,Rochester Township,alj86660,{00000000-0000-0000-0000-000000000000},AJohnsonWPC,3/9/2020 18:23:18,AJohnsonWPC,3/9/2020 18:23:18
4523,Beaver,Economy Borough,alj86668,{00000000-0000-0000-0000-000000000000},AJohnsonWPC,3/9/2020 18:23:51,AJohnsonWPC,3/9/2020 18:23:51
4524,Beaver,Economy Borough,alj86669,{00000000-0000-0000-0000-000000000000},AJohnsonWPC,3/9/2020 18:24:08,AJohnsonWPC,3/9/2020 18:24:08
4525,Allegheny,Bell Acres Borough,alj86669,{00000000-0000-0000-0000-000000000000},AJohnsonWPC,3/9/2020 18:24:08,AJohnsonWPC,3/9/2020 18:24:08
4526,Beaver,Hanover Township,alj86670,{00000000-0000-0000-0000-000000000000},AJohnsonWPC,3/9/2020 18:24:25,AJohnsonWPC,3/9/2020 18:24:25
4527,Beaver,Hanover Township,alj86671,{00000000-0000-0000-0000-000000000000},AJohnsonWPC,3/9/2020 18:24:41,AJohnsonWPC,3/9/2020 18:24:41
4528,Beaver,Greene Township,alj86672,{00000000-0000-0000-0000-000000000000},AJohnsonWPC,3/9/2020 18:25:06,AJohnsonWPC,3/9/2020 18:25:06
4529,Beaver,Hanover Township,alj86672,{00000000-0000-0000-0000-000000000000},AJohnsonWPC,3/9/2020 18:25:06,AJohnsonWPC,3/9/2020 18:25:06
4530,Beaver,Hanover Township,alj86673,{00000000-0000-0000-0000-000000000000},AJohnsonWPC,3/9/2020 18:25:23,AJohnsonWPC,3/9/2020 18:25:23
4531,Beaver,Independence Township,alj86673,{00000000-0000-0000-0000-000000000000},AJohnsonWPC,3/9/2020 18:25:23,AJohnsonWPC,3/9/2020 18:25:23
4532,Beaver,Independence Township,alj86674,{00000000-0000-0000-0000-000000000000},AJohnsonWPC,3/9/2020 18:25:43,AJohnsonWPC,3/9/2020 18:25:43
4533,Beaver,Hopewell Township,alj86674,{00000000-0000-0000-0000-000000000000},AJohnsonWPC,3/9/2020 18:25:43,AJohnsonWPC,3/9/2020 18:25:43
4534,Beaver,Hanover Township,alj86675,{00000000-0000-0000-0000-000000000000},AJohnsonWPC,3/9/2020 18:26:03,AJohnsonWPC,3/9/2020 18:26:03
4535,Beaver,Independence Township,alj86675,{00000000-0000-0000-0000-000000000000},AJohnsonWPC,3/9/2020 18:26:03,AJohnsonWPC,3/9/2020 18:26:03
4536,Beaver,Hanover Township,alj86676,{00000000-0000-0000-0000-000000000000},AJohnsonWPC,3/9/2020 18:26:21,AJohnsonWPC,3/9/2020 18:26:21
4537,Beaver,Independence Township,alj86676,{00000000-0000-0000-0000-000000000000},AJohnsonWPC,3/9/2020 18:26:21,AJohnsonWPC,3/9/2020 18:26:21
4538,Beaver,Raccoon Township,alj86676,{00000000-0000-0000-0000-000000000000},AJohnsonWPC,3/9/2020 18:26:21,AJohnsonWPC,3/9/2020 18:26:21
4539,Beaver,Center Township,alj86677,{00000000-0000-0000-0000-000000000000},AJohnsonWPC,3/9/2020 18:26:39,AJohnsonWPC,3/9/2020 18:26:39
4540,Beaver,Independence Township,alj86677,{00000000-0000-0000-0000-000000000000},AJohnsonWPC,3/9/2020 18:26:40,AJohnsonWPC,3/9/2020 18:26:40
4541,Beaver,Potter Township,alj86677,{00000000-0000-0000-0000-000000000000},AJohnsonWPC,3/9/2020 18:26:40,AJohnsonWPC,3/9/2020 18:26:40
4542,Beaver,Raccoon Township,alj86677,{00000000-0000-0000-0000-000000000000},AJohnsonWPC,3/9/2020 18:26:40,AJohnsonWPC,3/9/2020 18:26:40
4543,Beaver,Hopewell Township,alj86677,{00000000-0000-0000-0000-000000000000},AJohnsonWPC,3/9/2020 18:26:40,AJohnsonWPC,3/9/2020 18:26:40
4544,Beaver,Raccoon Township,alj86678,{00000000-0000-0000-0000-000000000000},AJohnsonWPC,3/9/2020 18:26:57,AJohnsonWPC,3/9/2020 18:26:57
4545,Beaver,Greene Township,alj86679,{00000000-0000-0000-0000-000000000000},AJohnsonWPC,3/9/2020 18:27:18,AJohnsonWPC,3/9/2020 18:27:18
4546,Beaver,Ohioville Borough,alj86680,{00000000-0000-0000-0000-000000000000},AJohnsonWPC,3/9/2020 18:27:43,AJohnsonWPC,3/9/2020 18:27:43
4547,Beaver,Monaca Borough,alj86682,{00000000-0000-0000-0000-000000000000},AJohnsonWPC,3/9/2020 18:28:04,AJohnsonWPC,3/9/2020 18:28:04
4548,Beaver,Rochester Borough,alj86682,{00000000-0000-0000-0000-000000000000},AJohnsonWPC,3/9/2020 18:28:05,AJohnsonWPC,3/9/2020 18:28:05
4549,Beaver,South Heights Borough,alj86682,{00000000-0000-0000-0000-000000000000},AJohnsonWPC,3/9/2020 18:28:05,AJohnsonWPC,3/9/2020 18:28:05
4550,Beaver,East Rochester Borough,alj86682,{00000000-0000-0000-0000-000000000000},AJohnsonWPC,3/9/2020 18:28:05,AJohnsonWPC,3/9/2020 18:28:05
4551,Beaver,Economy Borough,alj86682,{00000000-0000-0000-0000-000000000000},AJohnsonWPC,3/9/2020 18:28:05,AJohnsonWPC,3/9/2020 18:28:05
4552,Beaver,Freedom Borough,alj86682,{00000000-0000-0000-0000-000000000000},AJohnsonWPC,3/9/2020 18:28:05,AJohnsonWPC,3/9/2020 18:28:05
4553,Beaver,Industry Borough,alj86682,{00000000-0000-0000-0000-000000000000},AJohnsonWPC,3/9/2020 18:28:05,AJohnsonWPC,3/9/2020 18:28:05
4554,Beaver,Center Township,alj86682,{00000000-0000-0000-0000-000000000000},AJohnsonWPC,3/9/2020 18:28:05,AJohnsonWPC,3/9/2020 18:28:05
4555,Beaver,Potter Township,alj86682,{00000000-0000-0000-0000-000000000000},AJohnsonWPC,3/9/2020 18:28:05,AJohnsonWPC,3/9/2020 18:28:05
4556,Beaver,Aliquippa City,alj86682,{00000000-0000-0000-0000-000000000000},AJohnsonWPC,3/9/2020 18:28:05,AJohnsonWPC,3/9/2020 18:28:05
4557,Beaver,Ambridge Borough,alj86682,{00000000-0000-0000-0000-000000000000},AJohnsonWPC,3/9/2020 18:28:05,AJohnsonWPC,3/9/2020 18:28:05
4558,Beaver,Baden Borough,alj86682,{00000000-0000-0000-0000-000000000000},AJohnsonWPC,3/9/2020 18:28:05,AJohnsonWPC,3/9/2020 18:28:05
4559,Beaver,Beaver Borough,alj86682,{00000000-0000-0000-0000-000000000000},AJohnsonWPC,3/9/2020 18:28:05,AJohnsonWPC,3/9/2020 18:28:05
4560,Beaver,Bridgewater Borough,alj86682,{00000000-0000-0000-0000-000000000000},AJohnsonWPC,3/9/2020 18:28:05,AJohnsonWPC,3/9/2020 18:28:05
4561,Beaver,Conway Borough,alj86682,{00000000-0000-0000-0000-000000000000},AJohnsonWPC,3/9/2020 18:28:05,AJohnsonWPC,3/9/2020 18:28:05
4562,Beaver,Vanport Township,alj86682,{00000000-0000-0000-0000-000000000000},AJohnsonWPC,3/9/2020 18:28:05,AJohnsonWPC,3/9/2020 18:28:05
4563,Beaver,Harmony Township,alj86682,{00000000-0000-0000-0000-000000000000},AJohnsonWPC,3/9/2020 18:28:05,AJohnsonWPC,3/9/2020 18:28:05
4564,Beaver,Hopewell Township,alj86682,{00000000-0000-0000-0000-000000000000},AJohnsonWPC,3/9/2020 18:28:05,AJohnsonWPC,3/9/2020 18:28:05
4565,Beaver,Brighton Township,alj86682,{00000000-0000-0000-0000-000000000000},AJohnsonWPC,3/9/2020 18:28:05,AJohnsonWPC,3/9/2020 18:28:05
4566,Beaver,Center Township,alj86683,{00000000-0000-0000-0000-000000000000},AJohnsonWPC,3/9/2020 18:28:26,AJohnsonWPC,3/9/2020 18:28:26
4567,Beaver,Potter Township,alj86683,{00000000-0000-0000-0000-000000000000},AJohnsonWPC,3/9/2020 18:28:26,AJohnsonWPC,3/9/2020 18:28:26
4568,Allegheny,Marshall Township,alj86684,{00000000-0000-0000-0000-000000000000},AJohnsonWPC,3/9/2020 18:28:43,AJohnsonWPC,3/9/2020 18:28:43
4569,Beaver,Economy Borough,alj86685,{00000000-0000-0000-0000-000000000000},AJohnsonWPC,3/9/2020 18:29:01,AJohnsonWPC,3/9/2020 18:29:01
4570,Allegheny,Franklin Park Borough,alj86685,{00000000-0000-0000-0000-000000000000},AJohnsonWPC,3/9/2020 18:29:01,AJohnsonWPC,3/9/2020 18:29:01
4571,Allegheny,Hampton Township,alj86693,{00000000-0000-0000-0000-000000000000},AJohnsonWPC,3/9/2020 18:29:18,AJohnsonWPC,3/9/2020 18:29:18
4572,Allegheny,Hampton Township,alj86694,{00000000-0000-0000-0000-000000000000},AJohnsonWPC,3/9/2020 18:29:36,AJohnsonWPC,3/9/2020 18:29:36
4573,Allegheny,North Fayette Township,alj86711,{00000000-0000-0000-0000-000000000000},AJohnsonWPC,3/9/2020 18:29:53,AJohnsonWPC,3/9/2020 18:29:53
4574,Washington,Robinson Township,alj86711,{00000000-0000-0000-0000-000000000000},AJohnsonWPC,3/9/2020 18:29:53,AJohnsonWPC,3/9/2020 18:29:53
4575,Allegheny,Findlay Township,alj86711,{00000000-0000-0000-0000-000000000000},AJohnsonWPC,3/9/2020 18:29:53,AJohnsonWPC,3/9/2020 18:29:53
4576,Allegheny,Findlay Township,alj86712,{00000000-0000-0000-0000-000000000000},AJohnsonWPC,3/9/2020 18:30:11,AJohnsonWPC,3/9/2020 18:30:11
4577,Allegheny,Monroeville Borough,alj86716,{00000000-0000-0000-0000-000000000000},AJohnsonWPC,3/9/2020 18:30:28,AJohnsonWPC,3/9/2020 18:30:28
4578,Allegheny,Pittsburgh City,alj86741,{00000000-0000-0000-0000-000000000000},AJohnsonWPC,3/9/2020 18:30:45,AJohnsonWPC,3/9/2020 18:30:45
4579,Allegheny,Pittsburgh City,alj86742,{00000000-0000-0000-0000-000000000000},AJohnsonWPC,3/9/2020 18:31:02,AJohnsonWPC,3/9/2020 18:31:02
4580,Allegheny,Pittsburgh City,alj86743,{00000000-0000-0000-0000-000000000000},AJohnsonWPC,3/9/2020 18:31:22,AJohnsonWPC,3/9/2020 18:31:22
4581,Allegheny,Monroeville Borough,alj86749,{00000000-0000-0000-0000-000000000000},AJohnsonWPC,3/9/2020 18:31:41,AJohnsonWPC,3/9/2020 18:31:41
4582,Allegheny,Monroeville Borough,alj86750,{00000000-0000-0000-0000-000000000000},AJohnsonWPC,3/9/2020 18:31:59,AJohnsonWPC,3/9/2020 18:31:59
4583,Allegheny,Wilkins Township,alj86750,{00000000-0000-0000-0000-000000000000},AJohnsonWPC,3/9/2020 18:31:59,AJohnsonWPC,3/9/2020 18:31:59
4584,Allegheny,Penn Hills Township,alj86750,{00000000-0000-0000-0000-000000000000},AJohnsonWPC,3/9/2020 18:32:00,AJohnsonWPC,3/9/2020 18:32:00
4585,Washington,Blaine Township,alj86778,{00000000-0000-0000-0000-000000000000},AJohnsonWPC,3/9/2020 18:32:17,AJohnsonWPC,3/9/2020 18:32:17
4586,Washington,Donegal Township,alj86778,{00000000-0000-0000-0000-000000000000},AJohnsonWPC,3/9/2020 18:32:17,AJohnsonWPC,3/9/2020 18:32:17
4587,Washington,Independence Township,alj86778,{00000000-0000-0000-0000-000000000000},AJohnsonWPC,3/9/2020 18:32:17,AJohnsonWPC,3/9/2020 18:32:17
4588,Washington,Independence Township,alj86779,{00000000-0000-0000-0000-000000000000},AJohnsonWPC,3/9/2020 18:32:34,AJohnsonWPC,3/9/2020 18:32:34
4589,Washington,Donegal Township,alj86780,{00000000-0000-0000-0000-000000000000},AJohnsonWPC,3/9/2020 18:32:51,AJohnsonWPC,3/9/2020 18:32:51
4590,Washington,Somerset Township,alj86806,{00000000-0000-0000-0000-000000000000},AJohnsonWPC,3/9/2020 18:33:08,AJohnsonWPC,3/9/2020 18:33:08
4591,Washington,Fallowfield Township,alj86808,{00000000-0000-0000-0000-000000000000},AJohnsonWPC,3/9/2020 18:33:24,AJohnsonWPC,3/9/2020 18:33:24
4592,Washington,Carroll Township,alj86813,{00000000-0000-0000-0000-000000000000},AJohnsonWPC,3/9/2020 18:33:41,AJohnsonWPC,3/9/2020 18:33:41
4593,Westmoreland,South Huntingdon Township,alj87735,{00000000-0000-0000-0000-000000000000},AJohnsonWPC,3/9/2020 18:34:02,AJohnsonWPC,3/9/2020 18:34:02
4594,Westmoreland,Sewickley Township,alj87736,{00000000-0000-0000-0000-000000000000},AJohnsonWPC,3/9/2020 18:34:20,AJohnsonWPC,3/9/2020 18:34:20
4595,Westmoreland,South Huntingdon Township,alj87736,{00000000-0000-0000-0000-000000000000},AJohnsonWPC,3/9/2020 18:34:20,AJohnsonWPC,3/9/2020 18:34:20
4596,Westmoreland,Sewickley Township,alj87740,{00000000-0000-0000-0000-000000000000},AJohnsonWPC,3/9/2020 18:34:37,AJohnsonWPC,3/9/2020 18:34:37
4597,Westmoreland,Hempfield Township,alj87743,{00000000-0000-0000-0000-000000000000},AJohnsonWPC,3/9/2020 18:34:56,AJohnsonWPC,3/9/2020 18:34:56
4598,Westmoreland,Sewickley Township,alj87743,{00000000-0000-0000-0000-000000000000},AJohnsonWPC,3/9/2020 18:34:57,AJohnsonWPC,3/9/2020 18:34:57
4599,Westmoreland,Sewickley Township,alj87745,{00000000-0000-0000-0000-000000000000},AJohnsonWPC,3/9/2020 18:35:14,AJohnsonWPC,3/9/2020 18:35:14
4600,Westmoreland,South Huntingdon Township,alj87745,{00000000-0000-0000-0000-000000000000},AJohnsonWPC,3/9/2020 18:35:14,AJohnsonWPC,3/9/2020 18:35:14
4601,Westmoreland,Hempfield Township,alj88168,{00000000-0000-0000-0000-000000000000},AJohnsonWPC,3/9/2020 18:35:32,AJohnsonWPC,3/9/2020 18:35:32
4602,Westmoreland,Manor Borough,alj88168,{00000000-0000-0000-0000-000000000000},AJohnsonWPC,3/9/2020 18:35:32,AJohnsonWPC,3/9/2020 18:35:32
4603,Westmoreland,Penn Township,alj88168,{00000000-0000-0000-0000-000000000000},AJohnsonWPC,3/9/2020 18:35:32,AJohnsonWPC,3/9/2020 18:35:32
4604,Westmoreland,Murrysville Borough,alj88169,{00000000-0000-0000-0000-000000000000},AJohnsonWPC,3/9/2020 18:35:49,AJohnsonWPC,3/9/2020 18:35:49
4605,Westmoreland,Murrysville Borough,alj88170,{00000000-0000-0000-0000-000000000000},AJohnsonWPC,3/9/2020 18:36:06,AJohnsonWPC,3/9/2020 18:36:06
4606,Westmoreland,Washington Township,alj88171,{00000000-0000-0000-0000-000000000000},AJohnsonWPC,3/9/2020 18:36:24,AJohnsonWPC,3/9/2020 18:36:24
4607,Westmoreland,Washington Township,alj88173,{00000000-0000-0000-0000-000000000000},AJohnsonWPC,3/9/2020 18:36:42,AJohnsonWPC,3/9/2020 18:36:42
4608,Westmoreland,Murrysville Borough,alj88173,{00000000-0000-0000-0000-000000000000},AJohnsonWPC,3/9/2020 18:36:42,AJohnsonWPC,3/9/2020 18:36:42
4609,Westmoreland,Upper Burrell Township,alj88174,{00000000-0000-0000-0000-000000000000},AJohnsonWPC,3/9/2020 18:37:00,AJohnsonWPC,3/9/2020 18:37:00
4610,Westmoreland,Lower Burrell City,alj88174,{00000000-0000-0000-0000-000000000000},AJohnsonWPC,3/9/2020 18:37:00,AJohnsonWPC,3/9/2020 18:37:00
4611,Westmoreland,Trafford Borough,alj90261,{00000000-0000-0000-0000-000000000000},AJohnsonWPC,3/9/2020 18:37:25,AJohnsonWPC,3/9/2020 18:37:25
4612,Westmoreland,Penn Township,alj90261,{00000000-0000-0000-0000-000000000000},AJohnsonWPC,3/9/2020 18:37:25,AJohnsonWPC,3/9/2020 18:37:25
4613,Butler,Middlesex Township,alj90268,{00000000-0000-0000-0000-000000000000},AJohnsonWPC,3/9/2020 18:37:41,AJohnsonWPC,3/9/2020 18:37:41
4614,Butler,Buffalo Township,alj90269,{00000000-0000-0000-0000-000000000000},AJohnsonWPC,3/9/2020 18:38:01,AJohnsonWPC,3/9/2020 18:38:01
4615,Armstrong,Freeport Borough,alj90269,{00000000-0000-0000-0000-000000000000},AJohnsonWPC,3/9/2020 18:38:01,AJohnsonWPC,3/9/2020 18:38:01
4616,Washington,Blaine Township,ct62150,{00000000-0000-0000-0000-000000000000},AJohnsonWPC,3/9/2020 18:38:19,AJohnsonWPC,3/9/2020 18:38:19
4617,Butler,Parker Township,alj78884,{00000000-0000-0000-0000-000000000000},AJohnsonWPC,3/9/2020 19:21:15,AJohnsonWPC,3/9/2020 19:21:15
4618,Armstrong,Parker City,alj78884,{00000000-0000-0000-0000-000000000000},AJohnsonWPC,3/9/2020 19:21:15,AJohnsonWPC,3/9/2020 19:21:15
4619,Armstrong,Perry Township,alj78884,{00000000-0000-0000-0000-000000000000},AJohnsonWPC,3/9/2020 19:21:15,AJohnsonWPC,3/9/2020 19:21:15
4620,Butler,Donegal Township,alj81704,{00000000-0000-0000-0000-000000000000},AJohnsonWPC,3/9/2020 19:22:19,AJohnsonWPC,3/9/2020 19:22:19
4621,Butler,Clearfield Township,alj81704,{00000000-0000-0000-0000-000000000000},AJohnsonWPC,3/9/2020 19:22:19,AJohnsonWPC,3/9/2020 19:22:19
4622,Armstrong,West Franklin Township,alj81704,{00000000-0000-0000-0000-000000000000},AJohnsonWPC,3/9/2020 19:22:19,AJohnsonWPC,3/9/2020 19:22:19
4623,Butler,Winfield Township,alj81712,{00000000-0000-0000-0000-000000000000},AJohnsonWPC,3/9/2020 19:23:01,AJohnsonWPC,3/9/2020 19:23:01
4624,Armstrong,South Buffalo Township,alj81712,{00000000-0000-0000-0000-000000000000},AJohnsonWPC,3/9/2020 19:23:01,AJohnsonWPC,3/9/2020 19:23:01
4625,Armstrong,West Franklin Township,alj82506,{00000000-0000-0000-0000-000000000000},AJohnsonWPC,3/9/2020 19:23:41,AJohnsonWPC,3/9/2020 19:23:41
4626,Armstrong,Bethel Township,alj82522,{00000000-0000-0000-0000-000000000000},AJohnsonWPC,3/9/2020 19:24:19,AJohnsonWPC,3/9/2020 19:24:19
4627,Armstrong,Manor Township,alj82522,{00000000-0000-0000-0000-000000000000},AJohnsonWPC,3/9/2020 19:24:19,AJohnsonWPC,3/9/2020 19:24:19
4628,Armstrong,Wayne Township,alj82529,{00000000-0000-0000-0000-000000000000},AJohnsonWPC,3/9/2020 19:24:55,AJohnsonWPC,3/9/2020 19:24:55
4629,Armstrong,Redbank Township,alj82529,{00000000-0000-0000-0000-000000000000},AJohnsonWPC,3/9/2020 19:24:55,AJohnsonWPC,3/9/2020 19:24:55
4630,Clarion,Porter Township,alj82926,{00000000-0000-0000-0000-000000000000},AJohnsonWPC,3/9/2020 19:25:27,AJohnsonWPC,3/9/2020 19:25:27
4631,Clarion,Madison Township,alj82926,{00000000-0000-0000-0000-000000000000},AJohnsonWPC,3/9/2020 19:25:27,AJohnsonWPC,3/9/2020 19:25:27
4632,Armstrong,Madison Township,alj82926,{00000000-0000-0000-0000-000000000000},AJohnsonWPC,3/9/2020 19:25:27,AJohnsonWPC,3/9/2020 19:25:27
4633,Armstrong,Mahoning Township,alj82926,{00000000-0000-0000-0000-000000000000},AJohnsonWPC,3/9/2020 19:25:27,AJohnsonWPC,3/9/2020 19:25:27
4634,Clarion,Redbank Township,alj82935,{00000000-0000-0000-0000-000000000000},AJohnsonWPC,3/9/2020 19:26:10,AJohnsonWPC,3/9/2020 19:26:10
4635,Armstrong,Redbank Township,alj82935,{00000000-0000-0000-0000-000000000000},AJohnsonWPC,3/9/2020 19:26:11,AJohnsonWPC,3/9/2020 19:26:11
4636,Armstrong,Atwood Borough,alj82940,{00000000-0000-0000-0000-000000000000},AJohnsonWPC,3/9/2020 19:26:58,AJohnsonWPC,3/9/2020 19:26:58
4637,Armstrong,Cowanshannock Township,alj82940,{00000000-0000-0000-0000-000000000000},AJohnsonWPC,3/9/2020 19:26:59,AJohnsonWPC,3/9/2020 19:26:59
4638,Armstrong,Applewold Borough,alj82942,{00000000-0000-0000-0000-000000000000},AJohnsonWPC,3/9/2020 19:27:39,AJohnsonWPC,3/9/2020 19:27:39
4639,Armstrong,Ford City Borough,alj82942,{00000000-0000-0000-0000-000000000000},AJohnsonWPC,3/9/2020 19:27:39,AJohnsonWPC,3/9/2020 19:27:39
4640,Armstrong,Kittanning Borough,alj82942,{00000000-0000-0000-0000-000000000000},AJohnsonWPC,3/9/2020 19:27:39,AJohnsonWPC,3/9/2020 19:27:39
4641,Armstrong,Manorville Borough,alj82942,{00000000-0000-0000-0000-000000000000},AJohnsonWPC,3/9/2020 19:27:39,AJohnsonWPC,3/9/2020 19:27:39
4642,Armstrong,Cadogan Township,alj82942,{00000000-0000-0000-0000-000000000000},AJohnsonWPC,3/9/2020 19:27:39,AJohnsonWPC,3/9/2020 19:27:39
4643,Armstrong,South Buffalo Township,alj82942,{00000000-0000-0000-0000-000000000000},AJohnsonWPC,3/9/2020 19:27:40,AJohnsonWPC,3/9/2020 19:27:40
4644,Armstrong,Bethel Township,alj82942,{00000000-0000-0000-0000-000000000000},AJohnsonWPC,3/9/2020 19:27:40,AJohnsonWPC,3/9/2020 19:27:40
4645,Armstrong,East Franklin Township,alj82942,{00000000-0000-0000-0000-000000000000},AJohnsonWPC,3/9/2020 19:27:40,AJohnsonWPC,3/9/2020 19:27:40
4646,Armstrong,Manor Township,alj82942,{00000000-0000-0000-0000-000000000000},AJohnsonWPC,3/9/2020 19:27:40,AJohnsonWPC,3/9/2020 19:27:40
4647,Armstrong,North Buffalo Township,alj82942,{00000000-0000-0000-0000-000000000000},AJohnsonWPC,3/9/2020 19:27:40,AJohnsonWPC,3/9/2020 19:27:40
4648,Lawrence,Wilmington Township,alj84981,{00000000-0000-0000-0000-000000000000},AJohnsonWPC,3/9/2020 19:28:34,AJohnsonWPC,3/9/2020 19:28:34
4649,Lawrence,Pulaski Township,alj84981,{00000000-0000-0000-0000-000000000000},AJohnsonWPC,3/9/2020 19:28:35,AJohnsonWPC,3/9/2020 19:28:35
4650,Lawrence,Little Beaver Township,alj84985,{00000000-0000-0000-0000-000000000000},AJohnsonWPC,3/9/2020 19:29:26,AJohnsonWPC,3/9/2020 19:29:26
4651,Lawrence,New Beaver Borough,alj84988,{00000000-0000-0000-0000-000000000000},AJohnsonWPC,3/9/2020 19:30:07,AJohnsonWPC,3/9/2020 19:30:07
4652,Lawrence,Little Beaver Township,alj84988,{00000000-0000-0000-0000-000000000000},AJohnsonWPC,3/9/2020 19:30:07,AJohnsonWPC,3/9/2020 19:30:07
4653,Beaver,Darlington Township,alj84988,{00000000-0000-0000-0000-000000000000},AJohnsonWPC,3/9/2020 19:30:07,AJohnsonWPC,3/9/2020 19:30:07
4654,Beaver,Big Beaver Borough,alj84988,{00000000-0000-0000-0000-000000000000},AJohnsonWPC,3/9/2020 19:30:07,AJohnsonWPC,3/9/2020 19:30:07
4655,Lawrence,New Beaver Borough,alj84990,{00000000-0000-0000-0000-000000000000},AJohnsonWPC,3/9/2020 19:30:43,AJohnsonWPC,3/9/2020 19:30:43
4656,Lawrence,Little Beaver Township,alj84990,{00000000-0000-0000-0000-000000000000},AJohnsonWPC,3/9/2020 19:30:43,AJohnsonWPC,3/9/2020 19:30:43
4657,Lawrence,North Beaver Township,alj84990,{00000000-0000-0000-0000-000000000000},AJohnsonWPC,3/9/2020 19:30:43,AJohnsonWPC,3/9/2020 19:30:43
4658,Lawrence,Hickory Township,alj85003,{00000000-0000-0000-0000-000000000000},AJohnsonWPC,3/9/2020 19:31:18,AJohnsonWPC,3/9/2020 19:31:18
4659,Lawrence,Plain Grove Township,alj85416,{00000000-0000-0000-0000-000000000000},AJohnsonWPC,3/9/2020 19:31:48,AJohnsonWPC,3/9/2020 19:31:48
4660,Lawrence,Scott Township,alj85416,{00000000-0000-0000-0000-000000000000},AJohnsonWPC,3/9/2020 19:31:48,AJohnsonWPC,3/9/2020 19:31:48
4661,Butler,Worth Township,alj85416,{00000000-0000-0000-0000-000000000000},AJohnsonWPC,3/9/2020 19:31:48,AJohnsonWPC,3/9/2020 19:31:48
4662,Butler,Marion Township,alj85419,{00000000-0000-0000-0000-000000000000},AJohnsonWPC,3/9/2020 19:32:17,AJohnsonWPC,3/9/2020 19:32:17
4663,Venango,Irwin Township,alj85419,{00000000-0000-0000-0000-000000000000},AJohnsonWPC,3/9/2020 19:32:17,AJohnsonWPC,3/9/2020 19:32:17
4664,Butler,Marion Township,alj85420,{00000000-0000-0000-0000-000000000000},AJohnsonWPC,3/9/2020 19:32:53,AJohnsonWPC,3/9/2020 19:32:53
4665,Butler,Mercer Township,alj85420,{00000000-0000-0000-0000-000000000000},AJohnsonWPC,3/9/2020 19:32:53,AJohnsonWPC,3/9/2020 19:32:53
4666,Venango,Irwin Township,alj85420,{00000000-0000-0000-0000-000000000000},AJohnsonWPC,3/9/2020 19:32:53,AJohnsonWPC,3/9/2020 19:32:53
4667,Butler,Mercer Township,alj85421,{00000000-0000-0000-0000-000000000000},AJohnsonWPC,3/9/2020 19:33:30,AJohnsonWPC,3/9/2020 19:33:30
4668,Butler,Slippery Rock Township,alj85422,{00000000-0000-0000-0000-000000000000},AJohnsonWPC,3/9/2020 19:34:16,AJohnsonWPC,3/9/2020 19:34:16
4669,Butler,Worth Township,alj85422,{00000000-0000-0000-0000-000000000000},AJohnsonWPC,3/9/2020 19:34:16,AJohnsonWPC,3/9/2020 19:34:16
4670,Butler,Worth Township,alj85423,{00000000-0000-0000-0000-000000000000},AJohnsonWPC,3/9/2020 19:34:47,AJohnsonWPC,3/9/2020 19:34:47
4671,Butler,Worth Township,alj85820,{00000000-0000-0000-0000-000000000000},AJohnsonWPC,3/9/2020 19:35:20,AJohnsonWPC,3/9/2020 19:35:20
4672,Butler,Worth Township,alj85822,{00000000-0000-0000-0000-000000000000},AJohnsonWPC,3/9/2020 19:35:58,AJohnsonWPC,3/9/2020 19:35:58
4673,Mercer,Liberty Township,alj85823,{00000000-0000-0000-0000-000000000000},AJohnsonWPC,3/9/2020 19:36:43,AJohnsonWPC,3/9/2020 19:36:43
4674,Lawrence,Plain Grove Township,alj85823,{00000000-0000-0000-0000-000000000000},AJohnsonWPC,3/9/2020 19:36:43,AJohnsonWPC,3/9/2020 19:36:43
4675,Butler,Slippery Rock Borough,alj85823,{00000000-0000-0000-0000-000000000000},AJohnsonWPC,3/9/2020 19:36:43,AJohnsonWPC,3/9/2020 19:36:43
4676,Butler,Mercer Township,alj85823,{00000000-0000-0000-0000-000000000000},AJohnsonWPC,3/9/2020 19:36:44,AJohnsonWPC,3/9/2020 19:36:44
4677,Butler,Slippery Rock Township,alj85823,{00000000-0000-0000-0000-000000000000},AJohnsonWPC,3/9/2020 19:36:44,AJohnsonWPC,3/9/2020 19:36:44
4678,Butler,Worth Township,alj85823,{00000000-0000-0000-0000-000000000000},AJohnsonWPC,3/9/2020 19:36:44,AJohnsonWPC,3/9/2020 19:36:44
4679,Butler,Slippery Rock Township,alj85824,{00000000-0000-0000-0000-000000000000},AJohnsonWPC,3/9/2020 19:37:31,AJohnsonWPC,3/9/2020 19:37:31
4680,Butler,Slippery Rock Township,alj85825,{00000000-0000-0000-0000-000000000000},AJohnsonWPC,3/9/2020 19:38:10,AJohnsonWPC,3/9/2020 19:38:10
4681,Butler,Slippery Rock Township,alj85826,{00000000-0000-0000-0000-000000000000},AJohnsonWPC,3/9/2020 19:38:46,AJohnsonWPC,3/9/2020 19:38:46
4682,Butler,Brady Township,alj85826,{00000000-0000-0000-0000-000000000000},AJohnsonWPC,3/9/2020 19:38:46,AJohnsonWPC,3/9/2020 19:38:46
4683,Butler,Brady Township,alj85827,{00000000-0000-0000-0000-000000000000},AJohnsonWPC,3/9/2020 19:39:21,AJohnsonWPC,3/9/2020 19:39:21
4684,Butler,West Liberty Borough,alj85828,{00000000-0000-0000-0000-000000000000},AJohnsonWPC,3/9/2020 19:39:54,AJohnsonWPC,3/9/2020 19:39:54
4685,Butler,Brady Township,alj85828,{00000000-0000-0000-0000-000000000000},AJohnsonWPC,3/9/2020 19:39:54,AJohnsonWPC,3/9/2020 19:39:54
4686,Butler,Franklin Township,alj85829,{00000000-0000-0000-0000-000000000000},AJohnsonWPC,3/9/2020 19:40:22,AJohnsonWPC,3/9/2020 19:40:22
4687,Butler,Brady Township,alj85829,{00000000-0000-0000-0000-000000000000},AJohnsonWPC,3/9/2020 19:40:22,AJohnsonWPC,3/9/2020 19:40:22
4688,Butler,Clay Township,alj85829,{00000000-0000-0000-0000-000000000000},AJohnsonWPC,3/9/2020 19:40:22,AJohnsonWPC,3/9/2020 19:40:22
4689,Butler,Brady Township,alj85830,{00000000-0000-0000-0000-000000000000},AJohnsonWPC,3/9/2020 19:40:56,AJohnsonWPC,3/9/2020 19:40:56
4690,Butler,Franklin Township,alj85831,{00000000-0000-0000-0000-000000000000},AJohnsonWPC,3/9/2020 19:41:29,AJohnsonWPC,3/9/2020 19:41:29
4691,Butler,Muddy Creek Township,alj85831,{00000000-0000-0000-0000-000000000000},AJohnsonWPC,3/9/2020 19:41:30,AJohnsonWPC,3/9/2020 19:41:30
4692,Butler,Worth Township,alj85831,{00000000-0000-0000-0000-000000000000},AJohnsonWPC,3/9/2020 19:41:30,AJohnsonWPC,3/9/2020 19:41:30
4693,Butler,Brady Township,alj85831,{00000000-0000-0000-0000-000000000000},AJohnsonWPC,3/9/2020 19:41:30,AJohnsonWPC,3/9/2020 19:41:30
4694,Butler,Franklin Township,alj85832,{00000000-0000-0000-0000-000000000000},AJohnsonWPC,3/9/2020 19:42:08,AJohnsonWPC,3/9/2020 19:42:08
4695,Butler,Franklin Township,alj85835,{00000000-0000-0000-0000-000000000000},AJohnsonWPC,3/9/2020 19:42:40,AJohnsonWPC,3/9/2020 19:42:40
4696,Butler,Muddy Creek Township,alj85836,{00000000-0000-0000-0000-000000000000},AJohnsonWPC,3/9/2020 19:43:20,AJohnsonWPC,3/9/2020 19:43:20
4697,Butler,Connoquenessing Township,alj85839,{00000000-0000-0000-0000-000000000000},AJohnsonWPC,3/9/2020 19:43:53,AJohnsonWPC,3/9/2020 19:43:53
4698,Butler,Franklin Township,alj85840,{00000000-0000-0000-0000-000000000000},AJohnsonWPC,3/9/2020 19:44:25,AJohnsonWPC,3/9/2020 19:44:25
4699,Butler,Muddy Creek Township,alj85841,{00000000-0000-0000-0000-000000000000},AJohnsonWPC,3/9/2020 19:45:00,AJohnsonWPC,3/9/2020 19:45:00
4700,Butler,Muddy Creek Township,alj85842,{00000000-0000-0000-0000-000000000000},AJohnsonWPC,3/9/2020 19:45:28,AJohnsonWPC,3/9/2020 19:45:28
4701,Butler,Lancaster Township,alj85843,{00000000-0000-0000-0000-000000000000},AJohnsonWPC,3/9/2020 19:45:59,AJohnsonWPC,3/9/2020 19:45:59
4702,Butler,Jackson Township,alj85844,{00000000-0000-0000-0000-000000000000},AJohnsonWPC,3/9/2020 19:46:32,AJohnsonWPC,3/9/2020 19:46:32
4703,Butler,Lancaster Township,alj85844,{00000000-0000-0000-0000-000000000000},AJohnsonWPC,3/9/2020 19:46:32,AJohnsonWPC,3/9/2020 19:46:32
4704,Butler,Zelienople Borough,alj85845,{00000000-0000-0000-0000-000000000000},AJohnsonWPC,3/9/2020 19:47:06,AJohnsonWPC,3/9/2020 19:47:06
4705,Butler,Jackson Township,alj85845,{00000000-0000-0000-0000-000000000000},AJohnsonWPC,3/9/2020 19:47:06,AJohnsonWPC,3/9/2020 19:47:06
4706,Butler,Forward Township,alj85846,{00000000-0000-0000-0000-000000000000},AJohnsonWPC,3/9/2020 19:47:39,AJohnsonWPC,3/9/2020 19:47:39
4707,Butler,Connoquenessing Township,alj85847,{00000000-0000-0000-0000-000000000000},AJohnsonWPC,3/9/2020 19:48:26,AJohnsonWPC,3/9/2020 19:48:26
4708,Butler,Connoquenessing Township,alj85848,{00000000-0000-0000-0000-000000000000},AJohnsonWPC,3/9/2020 19:49:16,AJohnsonWPC,3/9/2020 19:49:16
4709,Butler,Forward Township,alj85850,{00000000-0000-0000-0000-000000000000},AJohnsonWPC,3/9/2020 19:50:05,AJohnsonWPC,3/9/2020 19:50:05
4710,Butler,Penn Township,alj85852,{00000000-0000-0000-0000-000000000000},AJohnsonWPC,3/9/2020 19:50:58,AJohnsonWPC,3/9/2020 19:50:58
4711,Butler,Jefferson Township,alj85854,{00000000-0000-0000-0000-000000000000},AJohnsonWPC,3/9/2020 19:51:46,AJohnsonWPC,3/9/2020 19:51:46
4712,Butler,Clinton Township,alj85854,{00000000-0000-0000-0000-000000000000},AJohnsonWPC,3/9/2020 19:51:46,AJohnsonWPC,3/9/2020 19:51:46
4713,Butler,Winfield Township,alj85855,{00000000-0000-0000-0000-000000000000},AJohnsonWPC,3/9/2020 19:52:30,AJohnsonWPC,3/9/2020 19:52:30
4714,Butler,Oakland Township,alj86640,{00000000-0000-0000-0000-000000000000},AJohnsonWPC,3/9/2020 19:53:14,AJohnsonWPC,3/9/2020 19:53:14
4715,Butler,Oakland Township,alj86641,{00000000-0000-0000-0000-000000000000},AJohnsonWPC,3/9/2020 19:53:47,AJohnsonWPC,3/9/2020 19:53:47
4716,Butler,Summit Township,alj86642,{00000000-0000-0000-0000-000000000000},AJohnsonWPC,3/9/2020 19:54:20,AJohnsonWPC,3/9/2020 19:54:20
4717,Butler,Washington Township,alj86643,{00000000-0000-0000-0000-000000000000},AJohnsonWPC,3/9/2020 19:54:55,AJohnsonWPC,3/9/2020 19:54:55
4718,Butler,Cherry Township,alj86643,{00000000-0000-0000-0000-000000000000},AJohnsonWPC,3/9/2020 19:54:55,AJohnsonWPC,3/9/2020 19:54:55
4719,Butler,Clay Township,alj86643,{00000000-0000-0000-0000-000000000000},AJohnsonWPC,3/9/2020 19:54:55,AJohnsonWPC,3/9/2020 19:54:55
4720,Butler,Concord Township,alj86643,{00000000-0000-0000-0000-000000000000},AJohnsonWPC,3/9/2020 19:54:56,AJohnsonWPC,3/9/2020 19:54:56
4721,Butler,Slippery Rock Township,alj86644,{00000000-0000-0000-0000-000000000000},AJohnsonWPC,3/9/2020 19:55:25,AJohnsonWPC,3/9/2020 19:55:25
4722,Butler,Cherry Township,alj86644,{00000000-0000-0000-0000-000000000000},AJohnsonWPC,3/9/2020 19:55:25,AJohnsonWPC,3/9/2020 19:55:25
4723,Butler,Washington Township,alj86646,{00000000-0000-0000-0000-000000000000},AJohnsonWPC,3/9/2020 19:56:00,AJohnsonWPC,3/9/2020 19:56:00
4724,Butler,Marion Township,alj86647,{00000000-0000-0000-0000-000000000000},AJohnsonWPC,3/9/2020 19:56:35,AJohnsonWPC,3/9/2020 19:56:35
4725,Butler,Venango Township,alj86647,{00000000-0000-0000-0000-000000000000},AJohnsonWPC,3/9/2020 19:56:36,AJohnsonWPC,3/9/2020 19:56:36
4726,Butler,Washington Township,alj86647,{00000000-0000-0000-0000-000000000000},AJohnsonWPC,3/9/2020 19:56:36,AJohnsonWPC,3/9/2020 19:56:36
4727,Butler,Cherry Township,alj86647,{00000000-0000-0000-0000-000000000000},AJohnsonWPC,3/9/2020 19:56:36,AJohnsonWPC,3/9/2020 19:56:36
4728,Butler,Parker Township,alj86650,{00000000-0000-0000-0000-000000000000},AJohnsonWPC,3/9/2020 19:57:12,AJohnsonWPC,3/9/2020 19:57:12
4729,Butler,Cherry Valley Borough,alj86651,{00000000-0000-0000-0000-000000000000},AJohnsonWPC,3/9/2020 19:58:00,AJohnsonWPC,3/9/2020 19:58:00
4730,Butler,Allegheny Township,alj86651,{00000000-0000-0000-0000-000000000000},AJohnsonWPC,3/9/2020 19:58:00,AJohnsonWPC,3/9/2020 19:58:00
4731,Venango,Scrubgrass Township,alj86651,{00000000-0000-0000-0000-000000000000},AJohnsonWPC,3/9/2020 19:58:00,AJohnsonWPC,3/9/2020 19:58:00
4732,Beaver,Franklin Township,alj86652,{00000000-0000-0000-0000-000000000000},AJohnsonWPC,3/9/2020 19:58:37,AJohnsonWPC,3/9/2020 19:58:37
4733,Beaver,Marion Township,alj86652,{00000000-0000-0000-0000-000000000000},AJohnsonWPC,3/9/2020 19:58:37,AJohnsonWPC,3/9/2020 19:58:37
4734,Beaver,Franklin Township,alj86653,{00000000-0000-0000-0000-000000000000},AJohnsonWPC,3/9/2020 19:59:21,AJohnsonWPC,3/9/2020 19:59:21
4735,Beaver,Marion Township,alj86653,{00000000-0000-0000-0000-000000000000},AJohnsonWPC,3/9/2020 19:59:21,AJohnsonWPC,3/9/2020 19:59:21
4736,Beaver,Marion Township,alj86654,{00000000-0000-0000-0000-000000000000},AJohnsonWPC,3/9/2020 20:00:10,AJohnsonWPC,3/9/2020 20:00:10
4737,Beaver,North Sewickley Township,alj86654,{00000000-0000-0000-0000-000000000000},AJohnsonWPC,3/9/2020 20:00:10,AJohnsonWPC,3/9/2020 20:00:10
4738,Beaver,Big Beaver Borough,alj86656,{00000000-0000-0000-0000-000000000000},AJohnsonWPC,3/9/2020 20:00:59,AJohnsonWPC,3/9/2020 20:00:59
4739,Beaver,New Sewickley Township,alj86657,{00000000-0000-0000-0000-000000000000},AJohnsonWPC,3/9/2020 20:01:51,AJohnsonWPC,3/9/2020 20:01:51
4740,Beaver,New Brighton Borough,alj86658,{00000000-0000-0000-0000-000000000000},AJohnsonWPC,3/9/2020 20:02:43,AJohnsonWPC,3/9/2020 20:02:43
4741,Beaver,Patterson Heights Borough,alj86658,{00000000-0000-0000-0000-000000000000},AJohnsonWPC,3/9/2020 20:02:43,AJohnsonWPC,3/9/2020 20:02:43
4742,Beaver,Daugherty Township,alj86658,{00000000-0000-0000-0000-000000000000},AJohnsonWPC,3/9/2020 20:02:43,AJohnsonWPC,3/9/2020 20:02:43
4743,Beaver,Beaver Falls City,alj86658,{00000000-0000-0000-0000-000000000000},AJohnsonWPC,3/9/2020 20:02:43,AJohnsonWPC,3/9/2020 20:02:43
4744,Beaver,Fallston Borough,alj86659,{00000000-0000-0000-0000-000000000000},AJohnsonWPC,3/9/2020 20:03:21,AJohnsonWPC,3/9/2020 20:03:21
4745,Beaver,Patterson Township,alj86659,{00000000-0000-0000-0000-000000000000},AJohnsonWPC,3/9/2020 20:03:21,AJohnsonWPC,3/9/2020 20:03:21
4746,Beaver,Chippewa Township,alj86662,{00000000-0000-0000-0000-000000000000},AJohnsonWPC,3/9/2020 20:03:53,AJohnsonWPC,3/9/2020 20:03:53
4747,Beaver,Brighton Township,alj86662,{00000000-0000-0000-0000-000000000000},AJohnsonWPC,3/9/2020 20:03:53,AJohnsonWPC,3/9/2020 20:03:53
4748,Beaver,Chippewa Township,alj86663,{00000000-0000-0000-0000-000000000000},AJohnsonWPC,3/9/2020 20:04:25,AJohnsonWPC,3/9/2020 20:04:25
4749,Beaver,Big Beaver Borough,alj86664,{00000000-0000-0000-0000-000000000000},AJohnsonWPC,3/9/2020 20:05:04,AJohnsonWPC,3/9/2020 20:05:04
4750,Beaver,Darlington Township,alj86665,{00000000-0000-0000-0000-000000000000},AJohnsonWPC,3/9/2020 20:05:33,AJohnsonWPC,3/9/2020 20:05:33
4751,Beaver,South Beaver Township,alj86665,{00000000-0000-0000-0000-000000000000},AJohnsonWPC,3/9/2020 20:05:33,AJohnsonWPC,3/9/2020 20:05:33
4752,Beaver,Big Beaver Borough,alj86665,{00000000-0000-0000-0000-000000000000},AJohnsonWPC,3/9/2020 20:05:33,AJohnsonWPC,3/9/2020 20:05:33
4753,Beaver,Darlington Borough,alj86665,{00000000-0000-0000-0000-000000000000},AJohnsonWPC,3/9/2020 20:05:33,AJohnsonWPC,3/9/2020 20:05:33
4754,Beaver,Darlington Township,alj86666,{00000000-0000-0000-0000-000000000000},AJohnsonWPC,3/9/2020 20:06:04,AJohnsonWPC,3/9/2020 20:06:04
4755,Beaver,South Beaver Township,alj86666,{00000000-0000-0000-0000-000000000000},AJohnsonWPC,3/9/2020 20:06:04,AJohnsonWPC,3/9/2020 20:06:04
4756,Butler,Brady Township,alj90274,{00000000-0000-0000-0000-000000000000},AJohnsonWPC,3/9/2020 20:06:43,AJohnsonWPC,3/9/2020 20:06:43
4757,Butler,Clay Township,alj90274,{00000000-0000-0000-0000-000000000000},AJohnsonWPC,3/9/2020 20:06:43,AJohnsonWPC,3/9/2020 20:06:43
4758,Butler,Worth Township,alj90275,{00000000-0000-0000-0000-000000000000},AJohnsonWPC,3/9/2020 20:07:14,AJohnsonWPC,3/9/2020 20:07:14